Player,Team,GP,GS,MPG,PPG,APG,FG,FGA,FG%,3P,3PA,3P%,eFG%,FT,FTA,FT%,ORB,DRB,STL,BLK,TOV,PF
Alex Abrines,OKC,68,6,15.5,6.0,0.6,2.0,5.0,.393,1.4,3.6,.381,.531,0.6,0.7,.898,0.3,1.0,0.5,0.1,0.5,1.7
Quincy Acy,TOT,38,1,14.7,5.8,0.5,1.8,4.5,.412,1.0,2.4,.411,.521,1.2,1.6,.750,0.5,2.5,0.4,0.4,0.6,1.8
Quincy Acy,DAL,6,0,8.0,2.2,0.0,0.8,2.8,.294,0.2,1.2,.143,.324,0.3,0.5,.667,0.3,1.0,0.0,0.0,0.3,1.5
Quincy Acy,BRK,32,1,15.9,6.5,0.6,2.0,4.8,.425,1.1,2.6,.434,.542,1.3,1.8,.754,0.6,2.8,0.4,0.5,0.6,1.8
Steven Adams,OKC,80,80,29.9,11.3,1.1,4.7,8.2,.571,0.0,0.0,.000,.571,2.0,3.2,.611,3.5,4.2,1.1,1.0,1.8,2.4
Arron Afflalo,SAC,61,45,25.9,8.4,1.3,3.0,6.9,.440,1.0,2.5,.411,.514,1.4,1.5,.892,0.1,1.9,0.3,0.1,0.7,1.7
Alexis Ajinca,NOP,39,15,15.0,5.3,0.3,2.3,4.6,.500,0.0,0.1,.000,.500,0.7,1.0,.725,1.2,3.4,0.5,0.6,0.8,2.0
Cole Aldrich,MIN,62,0,8.6,1.7,0.4,0.7,1.4,.523,0.0,0.0,,.523,0.2,0.4,.682,0.8,1.7,0.4,0.4,0.3,1.4
LaMarcus Aldridge,SAS,72,72,32.4,17.3,1.9,6.9,14.6,.477,0.3,0.8,.411,.488,3.1,3.8,.812,2.4,4.9,0.6,1.2,1.4,2.2
Lavoy Allen,IND,61,5,14.3,2.9,0.9,1.3,2.8,.458,0.0,0.0,.000,.458,0.4,0.5,.697,1.7,1.9,0.3,0.4,0.5,1.3
Tony Allen,MEM,71,66,27.0,9.1,1.4,3.9,8.4,.461,0.2,0.8,.278,.473,1.1,1.8,.615,2.3,3.2,1.6,0.4,1.4,2.5
Al-Farouq Aminu,POR,61,25,29.1,8.7,1.6,3.0,7.6,.393,1.1,3.5,.330,.468,1.6,2.2,.706,1.3,6.1,1.0,0.7,1.5,1.7
Chris Andersen,CLE,12,0,9.5,2.3,0.4,0.8,1.8,.409,0.0,0.3,.000,.409,0.8,1.2,.714,0.8,1.8,0.4,0.6,0.4,1.7
Alan Anderson,LAC,30,0,10.3,2.9,0.4,1.0,2.7,.375,0.5,1.5,.318,.463,0.4,0.5,.750,0.1,0.7,0.1,0.0,0.2,1.2
Justin Anderson,TOT,75,10,16.4,7.1,0.9,2.5,5.9,.424,0.8,2.6,.299,.490,1.4,1.7,.791,0.9,2.3,0.5,0.3,0.9,1.5
Justin Anderson,DAL,51,2,13.9,6.5,0.6,2.2,5.4,.401,0.7,2.4,.303,.468,1.4,1.7,.795,0.8,2.2,0.5,0.3,0.8,1.3
Justin Anderson,PHI,24,8,21.6,8.5,1.4,3.1,6.8,.463,0.9,3.0,.292,.528,1.3,1.7,.780,1.3,2.8,0.5,0.3,1.1,1.9
Kyle Anderson,SAS,72,14,14.2,3.4,1.3,1.3,2.9,.445,0.2,0.6,.375,.481,0.6,0.8,.789,0.5,2.4,0.7,0.4,0.5,0.9
Ryan Anderson,HOU,72,72,29.4,13.6,0.9,4.5,10.7,.418,2.8,7.0,.403,.550,1.8,2.1,.860,1.6,3.0,0.4,0.2,0.8,2.0
Giannis Antetokounmpo,MIL,80,80,35.6,22.9,5.4,8.2,15.7,.521,0.6,2.3,.272,.541,5.9,7.7,.770,1.8,7.0,1.6,1.9,2.9,3.1
Carmelo Anthony,NYK,74,74,34.3,22.4,2.9,8.1,18.8,.433,2.0,5.7,.359,.488,4.1,4.9,.833,0.8,5.1,0.8,0.5,2.1,2.7
Joel Anthony,SAS,19,0,6.4,1.3,0.2,0.5,0.8,.625,0.0,0.0,,.625,0.3,0.4,.625,0.4,1.2,0.1,0.3,0.2,0.6
Trevor Ariza,HOU,80,80,34.7,11.7,2.2,4.1,10.0,.409,2.4,6.9,.344,.528,1.2,1.6,.738,0.7,5.1,1.8,0.3,0.9,1.7
Darrell Arthur,DEN,41,7,15.6,6.4,1.0,2.3,5.2,.442,1.3,2.9,.453,.565,0.5,0.5,.864,0.6,2.1,0.5,0.5,0.9,1.9
Omer Asik,NOP,31,19,15.5,2.7,0.5,1.0,2.1,.477,0.0,0.0,,.477,0.7,1.3,.590,1.5,3.7,0.2,0.3,0.5,1.6
D.J. Augustin,ORL,78,20,19.7,7.9,2.7,2.5,6.6,.377,1.2,3.5,.347,.469,1.7,2.1,.814,0.2,1.3,0.4,0.0,1.2,1.3
Luke Babbitt,MIA,68,55,15.7,4.8,0.5,1.7,4.1,.402,1.3,3.1,.414,.557,0.2,0.2,.733,0.2,1.9,0.3,0.2,0.4,1.7
Ron Baker,NYK,52,13,16.5,4.1,2.1,1.6,4.2,.378,0.4,1.7,.267,.431,0.5,0.8,.651,0.2,1.7,0.7,0.2,1.1,1.4
Wade Baldwin,MEM,33,1,12.3,3.2,1.8,1.1,3.5,.313,0.1,0.7,.136,.326,0.9,1.1,.838,0.3,1.1,0.5,0.2,1.2,1.2
Leandro Barbosa,PHO,67,0,14.4,6.3,1.2,2.6,5.9,.439,0.5,1.5,.357,.483,0.6,0.7,.889,0.2,1.3,0.5,0.1,0.7,1.2
J.J. Barea,DAL,35,6,22.0,10.9,5.5,4.1,9.8,.414,1.5,4.2,.358,.491,1.3,1.5,.863,0.3,2.1,0.4,0.0,1.8,0.9
Harrison Barnes,DAL,79,79,35.5,19.2,1.5,7.6,16.2,.468,1.0,2.8,.351,.498,3.1,3.6,.861,1.2,3.8,0.8,0.2,1.3,1.6
Matt Barnes,TOT,74,18,24.0,7.1,2.6,2.5,6.4,.391,1.2,3.6,.331,.483,0.9,1.2,.787,0.9,4.2,0.6,0.4,1.4,2.5
Matt Barnes,SAC,54,13,25.3,7.6,2.8,2.7,7.1,.384,1.3,3.9,.327,.474,0.9,1.2,.758,1.0,4.4,0.7,0.3,1.5,2.6
Matt Barnes,GSW,20,5,20.5,5.7,2.3,1.9,4.5,.422,0.9,2.6,.346,.522,1.0,1.2,.870,0.8,3.8,0.6,0.5,1.2,2.4
Will Barton,DEN,60,19,28.4,13.7,3.4,4.9,11.1,.443,1.5,3.9,.370,.508,2.4,3.2,.753,1.0,3.4,0.8,0.5,1.6,1.8
Brandon Bass,LAC,52,0,11.1,5.6,0.4,2.1,3.6,.575,0.0,0.1,.333,.578,1.5,1.7,.875,0.8,1.7,0.3,0.2,0.6,0.9
Nicolas Batum,CHO,77,77,34.0,15.1,5.9,5.1,12.7,.403,1.8,5.3,.333,.472,3.2,3.7,.856,0.6,5.6,1.1,0.4,2.5,1.4
Jerryd Bayless,PHI,3,1,23.7,11.0,4.3,3.7,10.7,.344,0.7,1.7,.400,.375,3.0,3.3,.900,1.0,3.0,0.0,0.0,3.0,1.3
Aron Baynes,DET,75,2,15.5,4.9,0.4,1.9,3.7,.513,0.0,0.0,,.513,1.1,1.3,.840,1.5,3.0,0.2,0.5,0.7,2.2
Kent Bazemore,ATL,73,64,26.9,11.0,2.4,4.0,9.9,.409,1.3,3.6,.346,.473,1.6,2.3,.708,0.6,2.5,1.2,0.7,1.7,2.3
Bradley Beal,WAS,77,77,34.9,23.1,3.5,8.3,17.2,.482,2.9,7.2,.404,.566,3.7,4.4,.825,0.7,2.4,1.1,0.3,2.0,2.2
Malik Beasley,DEN,22,1,7.5,3.8,0.5,1.5,3.3,.452,0.4,1.3,.321,.514,0.4,0.5,.800,0.2,0.5,0.3,0.0,0.4,0.5
Michael Beasley,MIL,56,6,16.7,9.4,0.9,3.9,7.3,.532,0.3,0.8,.419,.554,1.4,1.9,.743,0.7,2.7,0.5,0.5,1.2,1.6
Marco Belinelli,CHO,74,0,24.0,10.5,2.0,3.6,8.3,.429,1.4,3.8,.360,.512,2.0,2.3,.893,0.2,2.2,0.6,0.1,0.9,1.2
DeAndre' Bembry,ATL,38,1,9.8,2.7,0.7,1.2,2.6,.480,0.0,0.5,.056,.485,0.2,0.4,.375,0.4,1.2,0.2,0.1,0.4,0.6
Dragan Bender,PHO,43,0,13.3,3.4,0.5,1.3,3.7,.354,0.7,2.3,.277,.441,0.1,0.3,.364,0.5,1.9,0.2,0.5,0.7,1.7
Anthony Bennett,BRK,23,1,11.5,5.0,0.5,1.7,4.0,.413,0.6,2.1,.271,.484,1.1,1.6,.722,1.1,2.3,0.2,0.1,0.5,0.8
Ben Bentil,DAL,3,0,3.3,0.0,0.0,0.0,1.0,.000,0.0,0.3,.000,.000,0.0,0.0,,0.0,0.7,0.0,0.0,0.3,0.3
Davis Bertans,SAS,67,6,12.1,4.5,0.7,1.5,3.5,.440,1.0,2.6,.399,.588,0.4,0.5,.824,0.3,1.1,0.3,0.4,0.5,1.1
Patrick Beverley,HOU,67,67,30.7,9.5,4.2,3.4,8.1,.420,1.6,4.3,.382,.521,1.1,1.4,.768,1.4,4.4,1.5,0.4,1.5,3.3
Bismack Biyombo,ORL,81,27,22.1,6.0,0.9,2.2,4.2,.528,0.0,0.0,,.528,1.5,2.9,.534,1.9,5.1,0.3,1.1,1.2,2.5
Nemanja Bjelica,MIN,65,1,18.3,6.2,1.2,2.3,5.5,.424,0.9,2.7,.316,.503,0.7,0.9,.738,0.9,2.9,0.6,0.3,0.9,2.4
Tarik Black,LAL,67,16,16.3,5.7,0.6,2.2,4.4,.510,0.0,0.0,.500,.512,1.2,1.6,.752,2.1,3.0,0.4,0.7,0.9,2.6
Eric Bledsoe,PHO,66,66,33.0,21.1,6.3,6.8,15.7,.434,1.6,4.7,.335,.485,5.9,6.9,.847,0.8,4.1,1.4,0.5,3.4,2.5
Bojan Bogdanovic,TOT,81,54,25.7,13.7,1.4,4.6,10.4,.445,1.8,4.8,.367,.530,2.7,3.0,.893,0.5,3.0,0.4,0.1,1.6,1.8
Bojan Bogdanovic,BRK,55,54,26.9,14.2,1.6,4.9,11.1,.440,1.8,5.0,.357,.521,2.7,3.0,.874,0.4,3.2,0.4,0.1,1.7,1.8
Bojan Bogdanovic,WAS,26,0,23.1,12.7,0.8,4.1,9.0,.457,1.7,4.4,.391,.553,2.7,2.9,.934,0.5,2.5,0.4,0.2,1.5,1.8
Andrew Bogut,TOT,27,21,21.6,2.9,1.8,1.4,3.0,.469,0.0,0.0,.000,.469,0.1,0.4,.273,2.1,6.0,0.5,0.9,1.6,3.2
Andrew Bogut,DAL,26,21,22.4,3.0,1.9,1.5,3.1,.469,0.0,0.0,.000,.469,0.1,0.4,.273,2.2,6.2,0.5,1.0,1.7,3.2
Andrew Bogut,CLE,1,0,1.0,0.0,0.0,0.0,0.0,,0.0,0.0,,,0.0,0.0,,0.0,0.0,0.0,0.0,0.0,2.0
Joel Bolomboy,UTA,12,0,4.4,1.8,0.2,0.8,1.3,.563,0.1,0.3,.250,.594,0.3,0.5,.500,0.3,1.1,0.1,0.2,0.2,0.1
Devin Booker,PHO,78,78,35.0,22.1,3.4,7.8,18.3,.423,1.9,5.2,.363,.475,4.7,5.7,.832,0.6,2.6,0.9,0.3,3.1,3.1
Trevor Booker,BRK,71,43,24.7,10.0,1.9,4.3,8.3,.516,0.4,1.1,.321,.537,1.0,1.5,.673,2.0,6.0,1.1,0.4,1.8,2.1
Avery Bradley,BOS,55,55,33.4,16.3,2.2,6.5,14.1,.463,2.0,5.0,.390,.533,1.2,1.7,.731,1.2,4.9,1.2,0.2,1.6,2.6
Corey Brewer,TOT,82,11,15.6,4.5,1.2,1.8,4.2,.422,0.3,1.4,.229,.461,0.6,0.8,.735,0.4,1.6,0.7,0.2,0.7,1.6
Corey Brewer,HOU,58,8,15.9,4.2,1.1,1.6,3.9,.414,0.4,1.6,.234,.463,0.6,0.8,.727,0.4,1.6,0.6,0.2,0.6,1.8
Corey Brewer,LAL,24,3,14.9,5.4,1.5,2.2,5.0,.438,0.2,1.0,.208,.459,0.8,1.0,.750,0.5,1.7,1.0,0.3,0.8,1.2
Malcolm Brogdon,MIL,75,28,26.4,10.2,4.2,3.9,8.5,.457,1.0,2.6,.404,.518,1.5,1.7,.865,0.6,2.2,1.1,0.2,1.5,1.9
Aaron Brooks,IND,65,0,13.8,5.0,1.9,1.9,4.6,.403,0.7,2.0,.375,.483,0.5,0.6,.800,0.3,0.8,0.4,0.1,1.0,1.4
Anthony Brown,TOT,11,0,14.5,3.9,0.7,1.6,4.5,.360,0.6,2.5,.259,.430,0.0,0.0,,0.7,2.3,0.5,0.1,0.5,1.4
Anthony Brown,NOP,9,0,15.9,3.8,0.7,1.6,4.6,.341,0.7,2.7,.250,.415,0.0,0.0,,0.7,2.2,0.6,0.1,0.6,1.4
Anthony Brown,ORL,2,0,8.0,4.5,1.0,2.0,4.5,.444,0.5,1.5,.333,.500,0.0,0.0,,1.0,2.5,0.0,0.0,0.5,1.0
Bobby Brown,HOU,25,0,4.9,2.5,0.6,0.9,2.4,.383,0.6,1.4,.400,.500,0.1,0.1,1.000,0.0,0.2,0.0,0.0,0.2,0.2
Jaylen Brown,BOS,78,20,17.2,6.6,0.8,2.5,5.4,.454,0.6,1.7,.341,.508,1.1,1.6,.685,0.6,2.2,0.4,0.2,0.9,1.8
Nicolas Brussino,DAL,54,2,9.6,2.8,0.9,1.0,2.6,.369,0.5,1.8,.305,.472,0.3,0.4,.773,0.5,1.3,0.3,0.1,0.5,0.8
Reggie Bullock,DET,31,5,15.1,4.5,0.9,1.7,4.1,.422,0.9,2.4,.384,.531,0.2,0.2,.714,0.4,1.6,0.6,0.1,0.3,0.7
Trey Burke,WAS,57,0,12.3,5.0,1.8,2.0,4.5,.455,0.5,1.2,.443,.516,0.4,0.5,.759,0.1,0.7,0.2,0.1,0.8,0.9
Alec Burks,UTA,42,0,15.5,6.7,0.7,2.4,5.9,.399,0.6,1.8,.329,.450,1.4,1.9,.769,0.4,2.5,0.4,0.1,0.8,1.2
Jimmy Butler,CHI,76,75,37.0,23.9,5.5,7.5,16.5,.455,1.2,3.3,.367,.492,7.7,8.9,.865,1.7,4.5,1.9,0.4,2.1,1.5
Bruno Caboclo,TOR,9,0,4.4,1.6,0.4,0.7,1.8,.375,0.2,0.7,.333,.438,0.0,0.0,,0.6,0.6,0.2,0.1,0.2,0.4
Jose Calderon,TOT,41,13,13.1,3.4,2.1,1.3,3.3,.410,0.5,1.6,.313,.485,0.3,0.3,.917,0.4,1.4,0.3,0.0,1.0,0.9
Jose Calderon,LAL,24,11,12.2,3.3,2.1,1.3,3.2,.416,0.5,1.4,.353,.494,0.2,0.2,1.000,0.3,1.4,0.3,0.0,1.1,0.9
Jose Calderon,ATL,17,2,14.5,3.6,2.2,1.4,3.4,.404,0.5,1.8,.267,.474,0.4,0.5,.875,0.4,1.5,0.2,0.0,0.9,0.8
Kentavious Caldwell-Pope,DET,76,75,33.3,13.8,2.5,4.9,12.2,.399,2.0,5.8,.350,.481,2.0,2.4,.832,0.7,2.5,1.2,0.2,1.1,1.6
Isaiah Canaan,CHI,39,0,15.2,4.6,0.9,1.6,4.4,.364,0.6,2.4,.266,.436,0.8,0.8,.909,0.2,1.1,0.6,0.0,0.5,0.9
Clint Capela,HOU,65,59,23.9,12.6,1.0,5.6,8.7,.643,0.0,0.0,,.643,1.4,2.7,.531,2.7,5.4,0.5,1.2,1.3,2.8
DeMarre Carroll,TOR,72,72,26.1,8.9,1.0,3.1,7.6,.400,1.5,4.4,.341,.499,1.2,1.6,.761,0.9,2.9,1.1,0.4,0.8,2.0
Vince Carter,MEM,73,15,24.6,8.0,1.8,2.6,6.7,.394,1.5,4.1,.378,.508,1.2,1.6,.765,0.5,2.6,0.8,0.5,0.7,2.2
Michael Carter-Williams,CHI,45,19,18.8,6.6,2.5,2.5,6.8,.366,0.3,1.4,.234,.391,1.3,1.7,.753,0.5,2.9,0.8,0.5,1.5,2.3
Omri Casspi,TOT,36,2,17.9,5.2,1.0,2.1,4.6,.470,0.4,1.2,.349,.515,0.5,0.8,.586,0.8,2.4,0.6,0.1,0.8,1.4
Omri Casspi,SAC,22,2,18.0,5.9,1.2,2.4,5.3,.453,0.5,1.3,.379,.500,0.5,1.0,.571,0.9,3.2,0.5,0.0,0.8,1.0
Omri Casspi,NOP,1,0,24.0,12.0,0.0,5.0,9.0,.556,2.0,4.0,.500,.667,0.0,0.0,,1.0,1.0,0.0,0.0,2.0,3.0
Omri Casspi,MIN,13,0,17.1,3.5,0.8,1.5,2.9,.500,0.2,0.8,.200,.526,0.4,0.6,.625,0.5,1.1,1.0,0.2,0.8,1.8
Willie Cauley-Stein,SAC,75,21,18.9,8.1,1.1,3.4,6.4,.530,0.0,0.0,.000,.530,1.3,2.0,.669,1.1,3.4,0.7,0.6,0.9,2.0
Tyson Chandler,PHO,47,46,27.6,8.4,0.6,3.3,4.9,.671,0.0,0.0,,.671,1.9,2.6,.734,3.3,8.2,0.7,0.5,1.4,2.7
Wilson Chandler,DEN,71,33,30.9,15.7,2.0,6.1,13.2,.461,1.5,4.6,.337,.520,2.0,2.7,.727,1.5,5.0,0.7,0.4,1.6,2.4
Marquese Chriss,PHO,82,75,21.3,9.2,0.7,3.5,7.7,.449,0.9,2.7,.321,.506,1.4,2.2,.624,1.2,3.1,0.8,0.9,1.3,3.2
Rakeem Christmas,IND,29,0,7.6,2.0,0.1,0.7,1.5,.442,0.0,0.0,,.442,0.7,1.0,.724,0.9,1.0,0.1,0.2,0.3,1.3
Semaj Christon,OKC,64,1,15.2,2.9,2.0,1.2,3.5,.345,0.2,1.0,.190,.372,0.3,0.5,.548,0.3,1.1,0.4,0.1,0.7,1.2
Ian Clark,GSW,77,0,14.8,6.8,1.2,2.7,5.6,.487,0.8,2.1,.374,.558,0.6,0.8,.759,0.3,1.3,0.5,0.1,0.7,1.0
Jordan Clarkson,LAL,82,19,29.2,14.7,2.6,5.8,13.1,.445,1.4,4.3,.329,.500,1.6,2.0,.798,0.6,2.4,1.1,0.1,2.0,1.8
Norris Cole,OKC,13,0,9.6,3.3,1.1,1.2,4.0,.308,0.2,1.0,.231,.337,0.6,0.8,.800,0.0,0.8,0.6,0.0,0.5,1.4
Darren Collison,SAC,68,64,30.3,13.2,4.6,5.0,10.5,.476,1.1,2.6,.417,.527,2.2,2.5,.860,0.3,1.9,1.0,0.1,1.7,1.8
Nick Collison,OKC,20,0,6.4,1.7,0.6,0.7,1.2,.609,0.0,0.1,.000,.609,0.3,0.4,.625,0.5,1.1,0.1,0.1,0.2,0.9
Mike Conley,MEM,69,68,33.2,20.5,6.3,6.7,14.6,.460,2.5,6.1,.408,.545,4.6,5.3,.859,0.4,3.0,1.3,0.3,2.3,1.8
Pat Connaughton,POR,39,1,8.1,2.5,0.7,0.9,1.8,.514,0.4,0.8,.515,.632,0.2,0.2,.778,0.3,1.1,0.2,0.1,0.4,0.6
Quinn Cook,TOT,14,0,13.4,5.6,1.9,2.4,4.7,.500,0.8,1.9,.423,.583,0.1,0.4,.400,0.1,0.4,0.3,0.0,0.9,0.9
Quinn Cook,DAL,5,0,15.4,5.4,2.4,2.2,5.0,.440,1.0,2.8,.357,.540,0.0,0.4,.000,0.0,0.6,0.2,0.0,1.6,1.2
Quinn Cook,NOP,9,0,12.3,5.8,1.6,2.4,4.6,.537,0.7,1.3,.500,.610,0.2,0.3,.667,0.1,0.3,0.3,0.0,0.6,0.8
DeMarcus Cousins,TOT,72,72,34.2,27.0,4.6,9.0,19.9,.452,1.8,5.0,.361,.498,7.2,9.3,.772,2.1,8.9,1.4,1.3,3.7,3.9
DeMarcus Cousins,SAC,55,55,34.4,27.8,4.8,9.2,20.3,.452,1.7,4.9,.356,.494,7.7,10.0,.770,2.1,8.5,1.4,1.3,3.8,3.7
DeMarcus Cousins,NOP,17,17,33.8,24.4,3.9,8.4,18.5,.452,2.1,5.6,.375,.510,5.5,7.1,.777,2.2,10.2,1.5,1.1,3.6,4.4
Robert Covington,PHI,67,67,31.6,12.9,1.5,4.4,10.9,.399,2.0,6.1,.333,.492,2.1,2.6,.822,1.4,5.1,1.9,1.0,2.0,3.0
Allen Crabbe,POR,79,7,28.5,10.7,1.2,3.8,8.2,.468,1.7,3.8,.444,.572,1.3,1.6,.847,0.2,2.6,0.7,0.3,0.8,2.2
Jamal Crawford,LAC,82,1,26.3,12.3,2.6,4.4,10.6,.413,1.4,3.9,.360,.479,2.1,2.5,.857,0.2,1.4,0.7,0.2,1.6,1.4
Jordan Crawford,NOP,19,0,23.3,14.1,3.0,5.5,11.5,.482,1.9,5.0,.389,.567,1.1,1.4,.769,0.2,1.6,0.6,0.1,1.3,1.6
Jae Crowder,BOS,72,72,32.4,13.9,2.2,4.6,10.0,.463,2.2,5.5,.398,.572,2.4,3.0,.811,0.7,5.1,1.0,0.3,1.1,2.2
Dante Cunningham,NOP,66,35,25.0,6.6,0.6,2.6,5.4,.485,1.1,2.7,.392,.584,0.2,0.4,.593,0.8,3.3,0.6,0.4,0.4,1.5
Seth Curry,DAL,70,42,29.0,12.8,2.7,4.8,10.0,.481,2.0,4.6,.425,.578,1.2,1.4,.850,0.4,2.2,1.1,0.1,1.3,1.8
Stephen Curry,GSW,79,79,33.4,25.3,6.6,8.5,18.3,.468,4.1,10.0,.411,.580,4.1,4.6,.898,0.8,3.7,1.8,0.2,3.0,2.3
Troy Daniels,MEM,67,3,17.7,8.2,0.7,2.8,7.4,.374,2.1,5.3,.389,.513,0.6,0.8,.796,0.3,1.2,0.3,0.1,0.7,1.3
Anthony Davis,NOP,75,75,36.1,28.0,2.1,10.3,20.3,.505,0.5,1.8,.299,.518,6.9,8.6,.802,2.3,9.5,1.3,2.2,2.4,2.2
Deyonta Davis,MEM,36,0,6.6,1.6,0.1,0.7,1.3,.511,0.0,0.0,,.511,0.3,0.5,.556,0.6,1.1,0.1,0.5,0.2,1.1
Ed Davis,POR,46,12,17.2,4.3,0.6,1.6,3.1,.528,0.0,0.0,,.528,1.1,1.8,.617,2.1,3.2,0.3,0.5,0.8,3.0
Dewayne Dedmon,SAS,76,37,17.5,5.1,0.6,2.1,3.4,.622,0.0,0.0,,.622,0.9,1.2,.699,1.7,4.8,0.5,0.8,0.8,2.4
Sam Dekker,HOU,77,2,18.4,6.5,1.0,2.6,5.6,.473,0.8,2.4,.321,.543,0.5,0.9,.559,1.2,2.5,0.5,0.3,0.5,1.1
Malcolm Delaney,ATL,73,2,17.1,5.4,2.6,2.0,5.3,.374,0.4,1.5,.236,.407,1.0,1.3,.806,0.1,1.5,0.5,0.0,1.3,1.5
Matthew Dellavedova,MIL,76,54,26.1,7.6,4.7,2.7,7.0,.390,1.0,2.8,.367,.463,1.1,1.3,.854,0.3,1.6,0.7,0.0,1.8,2.0
Luol Deng,LAL,56,49,26.5,7.6,1.3,2.9,7.6,.387,0.9,2.9,.309,.447,0.8,1.1,.730,1.1,4.1,0.9,0.4,0.8,1.1
DeMar DeRozan,TOR,74,74,35.4,27.3,3.9,9.7,20.9,.467,0.4,1.7,.266,.477,7.4,8.7,.842,0.9,4.3,1.1,0.2,2.4,1.8
Cheick Diallo,NOP,17,0,11.7,5.1,0.2,2.1,4.5,.474,0.0,0.0,,.474,0.9,1.2,.714,1.4,2.9,0.2,0.4,0.4,1.0
Boris Diaw,UTA,73,33,17.6,4.6,2.3,2.0,4.5,.446,0.3,1.1,.247,.477,0.4,0.5,.743,0.6,1.5,0.2,0.1,1.2,1.1
Gorgui Dieng,MIN,82,82,32.4,10.0,1.9,4.0,8.1,.502,0.2,0.5,.372,.514,1.7,2.0,.814,2.3,5.6,1.1,1.2,1.3,3.1
Spencer Dinwiddie,BRK,59,18,22.6,7.3,3.1,2.3,5.1,.444,0.6,1.7,.376,.507,2.1,2.7,.792,0.5,2.3,0.7,0.4,1.1,2.0
Toney Douglas,MEM,24,0,16.4,4.9,2.3,1.8,4.9,.368,0.3,1.8,.167,.397,1.0,1.2,.828,0.5,2.0,0.8,0.2,0.9,2.1
Goran Dragic,MIA,73,73,33.7,20.3,5.8,7.3,15.4,.475,1.6,4.0,.405,.527,4.1,5.2,.790,0.8,3.0,1.2,0.2,2.9,2.7
Andre Drummond,DET,81,81,29.7,13.6,1.1,6.0,11.2,.530,0.0,0.1,.286,.531,1.7,4.4,.386,4.3,9.5,1.5,1.1,1.9,2.9
Jared Dudley,PHO,64,7,21.3,6.8,1.9,2.5,5.4,.454,1.2,3.2,.379,.565,0.7,1.0,.662,0.5,3.0,0.7,0.3,1.1,2.4
Mike Dunleavy,TOT,53,2,15.9,5.2,0.9,1.8,4.2,.423,1.0,2.5,.396,.543,0.7,0.8,.800,0.3,1.8,0.3,0.1,0.5,1.3
Mike Dunleavy,CLE,23,2,15.9,4.6,0.9,1.6,3.9,.400,0.9,2.5,.351,.511,0.6,0.8,.737,0.2,1.8,0.3,0.1,0.6,1.4
Mike Dunleavy,ATL,30,0,15.8,5.6,1.0,1.9,4.3,.438,1.1,2.6,.429,.565,0.7,0.9,.846,0.4,1.8,0.3,0.2,0.5,1.2
Kris Dunn,MIN,78,7,17.1,3.8,2.4,1.5,4.0,.377,0.3,0.9,.288,.411,0.5,0.8,.610,0.3,1.8,1.0,0.5,1.1,2.3
Kevin Durant,GSW,62,62,33.4,25.1,4.8,8.9,16.5,.537,1.9,5.0,.375,.594,5.4,6.2,.875,0.6,7.6,1.1,1.6,2.2,1.9
Jarell Eddie,PHO,5,0,12.4,4.8,0.0,1.2,3.8,.316,0.8,3.2,.250,.421,1.6,1.8,.889,0.2,1.2,0.2,0.0,0.2,0.2
Henry Ellenson,DET,19,2,7.7,3.2,0.4,1.2,3.4,.359,0.5,1.8,.286,.438,0.2,0.4,.500,0.4,1.7,0.1,0.1,0.7,0.3
Wayne Ellington,MIA,62,13,24.2,10.5,1.1,3.7,9.0,.416,2.4,6.4,.378,.550,0.6,0.7,.860,0.3,1.8,0.6,0.1,0.5,1.1
Monta Ellis,IND,74,33,27.0,8.5,3.2,3.3,7.5,.443,0.6,1.8,.319,.482,1.3,1.7,.727,0.3,2.5,1.1,0.4,1.8,2.0
Joel Embiid,PHI,31,31,25.4,20.2,2.1,6.5,13.8,.466,1.2,3.2,.367,.508,6.2,7.9,.783,2.0,5.9,0.9,2.5,3.8,3.6
James Ennis,MEM,64,28,23.5,6.7,1.0,2.3,5.0,.455,0.8,2.1,.372,.534,1.3,1.7,.782,1.1,3.0,0.7,0.3,0.9,2.6
Tyler Ennis,TOT,53,2,11.1,4.3,1.6,1.7,3.9,.433,0.5,1.3,.386,.498,0.4,0.5,.840,0.2,0.7,0.5,0.0,0.8,1.1
Tyler Ennis,HOU,31,0,6.3,1.9,1.1,0.8,2.1,.391,0.2,0.5,.375,.438,0.1,0.1,.667,0.1,0.5,0.2,0.0,0.8,0.9
Tyler Ennis,LAL,22,2,17.8,7.7,2.4,3.0,6.5,.451,1.0,2.5,.389,.524,0.9,1.0,.864,0.2,1.0,0.9,0.1,1.0,1.3
Tyreke Evans,TOT,40,6,19.7,10.3,3.1,3.8,9.3,.405,1.1,3.0,.356,.462,1.7,2.3,.750,0.3,3.1,0.9,0.2,1.5,1.5
Tyreke Evans,NOP,26,0,18.2,9.5,3.5,3.5,8.7,.401,0.8,2.7,.300,.447,1.7,2.2,.776,0.2,3.1,0.9,0.2,1.5,1.6
Tyreke Evans,SAC,14,6,22.4,11.6,2.4,4.2,10.2,.413,1.5,3.4,.438,.486,1.7,2.4,.706,0.5,3.1,0.9,0.4,1.6,1.4
Dante Exum,UTA,66,26,18.6,6.2,1.7,2.3,5.5,.427,0.7,2.3,.295,.488,0.9,1.1,.795,0.5,1.5,0.3,0.2,1.2,2.2
Kenneth Faried,DEN,61,34,21.2,9.6,0.9,3.7,6.8,.548,0.0,0.1,.000,.548,2.1,3.1,.693,3.0,4.6,0.7,0.7,1.0,2.0
Jordan Farmar,SAC,2,0,17.5,6.0,4.5,2.0,6.0,.333,2.0,4.5,.444,.500,0.0,0.0,,0.5,1.0,1.0,0.0,1.5,0.5
Derrick Favors,UTA,50,39,23.7,9.5,1.1,4.1,8.3,.487,0.1,0.2,.300,.490,1.3,2.2,.615,1.8,4.3,0.9,0.8,1.2,2.1
Kay Felder,CLE,42,0,9.2,4.0,1.4,1.5,3.8,.392,0.2,0.5,.318,.415,0.8,1.2,.714,0.1,0.9,0.4,0.2,0.7,0.9
Cristiano Felicio,CHI,66,0,15.8,4.8,0.6,1.9,3.3,.579,0.0,0.0,,.579,0.9,1.4,.645,1.9,2.8,0.4,0.3,0.5,1.7
Raymond Felton,LAC,80,11,21.3,6.7,2.4,2.8,6.4,.430,0.6,1.8,.319,.475,0.6,0.8,.781,0.4,2.3,0.8,0.3,1.0,1.6
Yogi Ferrell,TOT,46,29,26.0,10.0,3.7,3.5,8.6,.406,1.5,3.8,.386,.492,1.6,1.9,.831,0.4,2.0,0.9,0.2,1.5,2.0
Yogi Ferrell,BRK,10,0,15.1,5.4,1.7,1.8,4.9,.367,0.8,2.7,.296,.449,1.0,1.6,.625,0.4,0.8,0.2,0.2,1.4,1.1
Yogi Ferrell,DAL,36,29,29.1,11.3,4.3,3.9,9.6,.412,1.7,4.1,.403,.499,1.8,2.0,.877,0.4,2.3,1.1,0.2,1.6,2.2
Dorian Finney-Smith,DAL,81,35,20.3,4.3,0.8,1.5,4.1,.372,0.7,2.4,.293,.456,0.6,0.8,.754,0.7,2.1,0.6,0.3,0.6,1.5
Bryn Forbes,SAS,36,0,7.9,2.6,0.6,1.0,2.8,.364,0.5,1.5,.321,.449,0.1,0.2,.833,0.1,0.6,0.0,0.0,0.3,0.6
Evan Fournier,ORL,68,66,32.9,17.2,3.0,6.0,13.7,.439,1.9,5.3,.356,.508,3.3,4.1,.805,0.6,2.4,1.0,0.1,2.1,2.6
Randy Foye,BRK,69,40,18.6,5.2,2.0,1.7,4.7,.363,1.0,2.9,.330,.466,0.8,0.9,.857,0.1,2.1,0.5,0.1,1.2,1.4
Tim Frazier,NOP,65,35,23.5,7.1,5.2,2.5,6.2,.403,0.6,2.0,.313,.453,1.5,2.0,.760,0.5,2.1,0.9,0.1,1.6,2.0
Channing Frye,CLE,74,15,18.9,9.1,0.6,3.2,7.0,.458,1.9,4.5,.409,.589,0.9,1.0,.851,0.5,3.4,0.4,0.5,0.7,1.9
Danilo Gallinari,DEN,63,63,33.9,18.2,2.1,5.3,11.9,.447,2.0,5.1,.389,.531,5.5,6.1,.902,0.6,4.5,0.6,0.2,1.3,1.5
Langston Galloway,TOT,74,2,20.2,7.9,1.3,2.8,7.4,.380,1.6,4.2,.390,.490,0.7,0.9,.797,0.4,1.7,0.6,0.1,0.6,1.3
Langston Galloway,NOP,55,0,20.4,8.6,1.2,3.0,8.0,.374,1.8,4.9,.377,.489,0.7,0.9,.769,0.4,1.8,0.7,0.1,0.5,1.4
Langston Galloway,SAC,19,2,19.7,6.0,1.5,2.2,5.5,.404,1.0,2.1,.475,.495,0.6,0.6,.917,0.4,1.5,0.3,0.1,0.9,1.1
Patricio Garino,ORL,5,0,8.6,0.0,0.0,0.0,1.4,.000,0.0,1.0,.000,.000,0.0,0.0,,0.2,1.2,0.0,0.0,0.6,0.8
Marc Gasol,MEM,74,74,34.2,19.5,4.6,7.2,15.7,.459,1.4,3.6,.388,.503,3.8,4.5,.837,0.8,5.5,0.9,1.3,2.2,2.3
Pau Gasol,SAS,64,39,25.4,12.4,2.3,4.7,9.4,.502,0.9,1.6,.538,.548,2.0,2.9,.707,1.7,6.2,0.4,1.1,1.3,1.7
Rudy Gay,SAC,30,30,33.8,18.7,2.8,6.7,14.7,.455,1.4,3.8,.372,.502,3.9,4.6,.855,1.2,5.2,1.5,0.9,2.5,2.6
Michael Gbinije,DET,9,0,3.6,0.4,0.2,0.1,1.1,.100,0.0,0.4,.000,.100,0.2,0.2,1.000,0.2,0.1,0.0,0.0,0.0,0.2
Alonzo Gee,DEN,13,0,6.8,0.8,0.5,0.2,1.1,.214,0.0,0.2,.000,.214,0.4,0.7,.556,0.3,0.8,0.4,0.1,0.3,1.1
Paul George,IND,75,75,35.9,23.7,3.3,8.3,18.0,.461,2.6,6.6,.393,.534,4.5,5.0,.898,0.8,5.8,1.6,0.4,2.9,2.7
Marcus Georges-Hunt,ORL,5,0,9.6,2.8,0.6,0.4,1.4,.286,0.2,0.4,.500,.357,1.8,2.0,.900,0.2,1.6,0.2,0.0,0.4,1.0
Jonathan Gibson,DAL,17,0,13.6,6.2,1.5,2.1,5.6,.368,0.9,2.6,.333,.447,1.2,1.7,.724,0.1,1.2,0.5,0.0,1.2,1.2
Taj Gibson,TOT,78,71,25.5,10.8,0.9,4.7,9.1,.515,0.0,0.2,.231,.517,1.4,2.0,.715,2.0,4.2,0.5,0.8,1.3,2.1
Taj Gibson,CHI,55,55,27.3,11.6,1.1,5.0,9.6,.521,0.0,0.2,.167,.523,1.5,2.2,.714,2.2,4.8,0.5,0.9,1.4,2.2
Taj Gibson,OKC,23,16,21.2,9.0,0.6,3.9,7.8,.497,0.0,0.0,1.000,.500,1.2,1.7,.718,1.7,2.8,0.6,0.7,1.2,1.7
Manu Ginobili,SAS,69,0,18.7,7.5,2.7,2.5,6.4,.390,1.3,3.3,.392,.491,1.2,1.6,.804,0.4,1.9,1.2,0.2,1.4,1.7
Rudy Gobert,UTA,81,81,33.9,14.0,1.2,5.1,7.7,.661,0.0,0.0,.000,.661,3.8,5.9,.653,3.9,8.9,0.6,2.6,1.8,3.0
Archie Goodwin,TOT,15,0,14.3,7.3,1.6,2.4,4.4,.545,0.3,1.0,.333,.583,2.2,2.8,.786,0.5,1.4,0.3,0.3,0.9,0.5
Archie Goodwin,NOP,3,0,10.0,5.0,0.3,0.7,1.7,.400,0.3,0.7,.500,.500,3.3,3.3,1.000,0.0,0.0,0.0,0.3,0.0,0.3
Archie Goodwin,BRK,12,0,15.3,7.9,1.9,2.8,5.1,.557,0.3,1.1,.308,.590,1.9,2.7,.719,0.6,1.8,0.3,0.3,1.2,0.6
Aaron Gordon,ORL,80,72,28.7,12.7,1.9,4.9,10.8,.454,1.0,3.3,.288,.499,2.0,2.7,.719,1.5,3.6,0.8,0.5,1.1,2.2
Eric Gordon,HOU,75,15,31.0,16.2,2.5,5.5,13.5,.406,3.3,8.8,.372,.527,2.0,2.3,.840,0.4,2.3,0.6,0.5,1.6,2.0
Marcin Gortat,WAS,82,82,31.2,10.8,1.5,4.8,8.2,.579,0.0,0.0,.000,.579,1.3,1.9,.648,2.9,7.5,0.5,0.7,1.5,2.6
Treveon Graham,CHO,27,1,7.0,2.1,0.2,0.7,1.5,.475,0.3,0.6,.600,.588,0.4,0.6,.667,0.2,0.6,0.2,0.0,0.1,0.7
Jerami Grant,TOT,80,4,19.1,5.5,0.6,1.9,4.1,.463,0.5,1.5,.371,.529,1.1,1.8,.612,0.5,2.1,0.4,1.0,0.6,1.9
Jerami Grant,PHI,2,0,20.5,8.0,0.0,3.0,8.5,.353,0.0,1.0,.000,.353,2.0,4.0,.500,0.0,3.0,0.0,2.0,1.5,2.5
Jerami Grant,OKC,78,4,19.1,5.4,0.6,1.9,4.0,.469,0.6,1.5,.377,.539,1.1,1.8,.619,0.5,2.1,0.4,1.0,0.5,1.8
Jerian Grant,CHI,63,28,16.3,5.9,1.9,2.0,4.8,.425,0.8,2.1,.366,.507,1.0,1.2,.890,0.3,1.5,0.7,0.1,0.7,1.5
Danny Green,SAS,68,68,26.6,7.3,1.8,2.6,6.6,.392,1.7,4.6,.379,.523,0.4,0.5,.844,0.5,2.8,1.0,0.8,1.1,1.8
Draymond Green,GSW,76,76,32.5,10.2,7.0,3.6,8.6,.418,1.1,3.5,.308,.481,2.0,2.8,.709,1.3,6.6,2.0,1.4,2.4,2.9
Gerald Green,BOS,47,0,11.4,5.6,0.7,2.0,4.9,.409,0.8,2.4,.351,.494,0.7,0.9,.805,0.3,1.4,0.2,0.1,0.5,1.0
JaMychal Green,MEM,77,75,27.3,8.9,1.1,3.2,6.5,.500,0.7,1.9,.379,.555,1.7,2.2,.802,2.2,4.9,0.6,0.4,1.2,3.2
Jeff Green,ORL,69,11,22.2,9.2,1.2,3.2,8.1,.394,0.8,2.8,.275,.442,2.1,2.4,.863,0.6,2.5,0.5,0.2,1.1,1.5
Blake Griffin,LAC,61,61,34.0,21.6,4.9,7.9,15.9,.493,0.6,1.9,.336,.513,5.2,6.9,.760,1.8,6.3,0.9,0.4,2.3,2.6
Justin Hamilton,BRK,64,7,18.4,6.9,0.9,2.7,5.9,.459,0.9,2.8,.306,.532,0.6,0.8,.750,1.1,3.0,0.5,0.7,0.7,1.4
A.J. Hammons,DAL,22,0,7.4,2.2,0.2,0.8,1.9,.405,0.2,0.5,.500,.464,0.4,0.9,.450,0.4,1.3,0.0,0.6,0.5,1.0
Tim Hardaway,ATL,79,30,27.3,14.5,2.3,5.3,11.5,.455,1.9,5.3,.357,.537,2.1,2.7,.766,0.4,2.4,0.7,0.2,1.3,1.3
James Harden,HOU,81,81,36.4,29.1,11.2,8.3,18.9,.440,3.2,9.3,.347,.525,9.2,10.9,.847,1.2,7.0,1.5,0.5,5.7,2.7
Maurice Harkless,POR,77,69,28.9,10.0,1.1,4.1,8.1,.503,0.9,2.5,.351,.558,1.0,1.6,.621,1.6,2.8,1.1,0.9,1.1,2.8
Justin Harper,PHI,3,0,10.3,4.0,0.7,1.7,4.0,.417,0.7,2.3,.286,.500,0.0,0.0,,0.7,1.0,0.0,0.0,1.3,0.7
Montrezl Harrell,HOU,58,14,18.3,9.1,1.1,3.9,5.9,.652,0.0,0.1,.143,.654,1.3,2.1,.628,1.4,2.4,0.3,0.7,0.8,2.2
Devin Harris,DAL,65,0,16.7,6.7,2.1,2.1,5.2,.399,0.9,2.7,.328,.484,1.6,2.0,.829,0.2,1.8,0.7,0.1,0.9,1.6
Gary Harris,DEN,57,56,31.3,14.9,2.9,5.6,11.2,.502,1.9,4.5,.420,.586,1.8,2.4,.776,0.8,2.3,1.2,0.1,1.3,1.6
Joe Harris,BRK,52,11,21.9,8.2,1.0,3.0,7.0,.425,1.6,4.3,.385,.543,0.7,0.9,.714,0.3,2.5,0.6,0.2,1.1,2.3
Manny Harris,DAL,4,0,6.3,2.0,0.5,0.8,3.8,.200,0.0,0.5,.000,.200,0.5,1.0,.500,0.8,1.5,0.0,0.0,0.5,0.3
Tobias Harris,DET,82,48,31.3,16.1,1.7,6.2,13.0,.481,1.3,3.8,.347,.532,2.3,2.8,.841,0.8,4.3,0.7,0.5,1.2,1.6
Aaron Harrison,CHO,5,0,3.4,0.2,0.6,0.0,0.8,.000,0.0,0.4,.000,.000,0.2,0.4,.500,0.0,0.6,0.0,0.0,0.0,0.4
Andrew Harrison,MEM,72,18,20.5,5.9,2.8,1.6,5.0,.325,0.6,2.2,.276,.385,2.1,2.7,.763,0.3,1.6,0.7,0.3,1.2,2.7
Udonis Haslem,MIA,16,0,8.1,1.9,0.4,0.7,1.4,.478,0.0,0.2,.000,.478,0.6,0.9,.600,0.5,1.8,0.4,0.1,0.5,1.4
Spencer Hawes,TOT,54,1,14.8,6.2,1.5,2.5,5.1,.484,0.5,1.5,.309,.529,0.8,1.0,.846,0.7,2.8,0.3,0.6,0.9,1.4
Spencer Hawes,CHO,35,1,17.9,7.3,1.8,3.0,6.2,.477,0.5,1.6,.291,.514,0.9,1.0,.882,0.9,3.3,0.4,0.7,1.1,1.7
Spencer Hawes,MIL,19,0,9.0,4.4,1.0,1.6,3.1,.508,0.5,1.4,.346,.585,0.7,0.9,.778,0.3,2.1,0.1,0.2,0.5,0.8
Gordon Hayward,UTA,73,73,34.5,21.9,3.5,7.5,15.8,.471,2.0,5.1,.398,.536,5.0,5.9,.844,0.7,4.7,1.0,0.3,1.9,1.6
Gerald Henderson,PHI,72,41,23.2,9.2,1.6,3.3,7.7,.423,0.8,2.4,.353,.478,1.8,2.3,.806,0.5,2.1,0.6,0.2,0.9,1.8
John Henson,MIL,58,39,19.4,6.8,1.0,2.7,5.3,.515,0.0,0.0,.000,.515,1.3,1.8,.692,1.6,3.5,0.5,1.3,0.9,2.6
Juan Hernangomez,DEN,62,9,13.6,4.9,0.5,1.6,3.6,.451,0.7,1.8,.407,.554,0.9,1.2,.750,0.7,2.3,0.5,0.2,0.5,1.0
Willy Hernangomez,NYK,72,22,18.4,8.2,1.3,3.4,6.5,.529,0.1,0.2,.267,.533,1.3,1.7,.728,2.4,4.6,0.6,0.5,1.4,2.1
Mario Hezonja,ORL,65,2,14.8,4.9,1.0,1.8,5.1,.355,0.7,2.2,.299,.420,0.6,0.8,.800,0.3,1.9,0.5,0.2,0.9,1.1
Roy Hibbert,TOT,48,13,14.2,4.6,0.4,1.7,3.1,.544,0.0,0.0,,.544,1.3,1.6,.813,1.1,2.0,0.2,1.0,0.7,2.1
Roy Hibbert,CHO,42,13,16.0,5.2,0.5,1.9,3.4,.542,0.0,0.0,,.542,1.5,1.8,.813,1.3,2.3,0.2,1.0,0.7,2.3
Roy Hibbert,DEN,6,0,1.8,0.7,0.2,0.3,0.5,.667,0.0,0.0,,.667,0.0,0.0,,0.2,0.2,0.0,0.3,0.2,0.5
Buddy Hield,TOT,82,55,23.0,10.6,1.5,4.0,9.4,.426,1.8,4.6,.391,.523,0.8,0.9,.842,0.4,2.9,0.5,0.1,1.2,1.4
Buddy Hield,NOP,57,37,20.4,8.6,1.4,3.2,8.3,.393,1.6,4.2,.369,.487,0.5,0.6,.879,0.3,2.6,0.3,0.1,0.8,1.4
Buddy Hield,SAC,25,18,29.1,15.1,1.8,5.7,11.8,.480,2.4,5.5,.428,.579,1.4,1.7,.814,0.6,3.5,0.8,0.1,2.1,1.4
Nene Hilario,HOU,67,8,17.9,9.1,1.0,3.7,5.9,.617,0.0,0.1,.333,.621,1.7,2.9,.589,1.4,2.8,0.8,0.6,1.1,2.4
George Hill,UTA,49,49,31.5,16.9,4.2,5.9,12.4,.477,1.9,4.8,.403,.554,3.2,4.0,.801,0.5,2.9,1.0,0.2,1.7,2.3
Jordan Hill,MIN,7,0,6.7,1.7,0.0,0.7,1.9,.385,0.0,0.0,,.385,0.3,0.3,1.000,1.1,0.9,0.1,0.0,0.6,1.3
Solomon Hill,NOP,80,71,29.7,7.0,1.8,2.3,6.0,.383,1.2,3.4,.348,.481,1.3,1.6,.805,0.6,3.2,0.9,0.4,1.0,2.3
Darrun Hilliard,DET,39,1,9.8,3.3,0.8,1.2,3.2,.373,0.3,1.2,.261,.421,0.5,0.7,.750,0.1,0.8,0.3,0.1,0.7,1.0
Jrue Holiday,NOP,67,61,32.7,15.4,7.3,6.0,13.3,.454,1.5,4.2,.356,.510,1.8,2.5,.708,0.7,3.3,1.5,0.7,2.9,2.0
Justin Holiday,NYK,82,4,20.0,7.7,1.2,2.8,6.6,.433,1.2,3.3,.355,.523,0.8,1.0,.825,0.3,2.4,0.8,0.4,0.8,1.3
Rondae Hollis-Jefferson,BRK,78,50,22.6,8.7,2.0,3.0,6.9,.434,0.2,0.9,.224,.447,2.4,3.2,.751,1.2,4.6,1.1,0.6,1.5,2.3
Richaun Holmes,PHI,57,17,20.9,9.8,1.0,4.0,7.2,.558,0.5,1.4,.351,.591,1.3,1.8,.699,1.6,3.8,0.7,1.0,1.0,2.4
Rodney Hood,UTA,59,55,27.0,12.7,1.6,4.6,11.3,.408,1.9,5.2,.371,.494,1.5,1.9,.783,0.3,3.2,0.6,0.2,1.1,2.2
Al Horford,BOS,68,68,32.3,14.0,5.0,5.6,11.8,.473,1.3,3.6,.355,.527,1.6,2.0,.800,1.4,5.4,0.8,1.3,1.7,2.0
Danuel House,WAS,1,0,1.0,0.0,0.0,0.0,0.0,,0.0,0.0,,,0.0,0.0,,0.0,1.0,0.0,0.0,0.0,0.0
Dwight Howard,ATL,74,74,29.7,13.5,1.4,5.2,8.3,.633,0.0,0.0,.000,.633,3.1,5.7,.533,4.0,8.7,0.9,1.2,2.3,2.7
Marcelo Huertas,LAL,23,1,10.3,2.7,2.3,1.1,3.0,.368,0.2,0.8,.211,.397,0.4,0.7,.529,0.1,1.0,0.4,0.1,0.8,0.7
Josh Huestis,OKC,2,0,15.5,7.0,1.5,3.0,5.5,.545,1.0,2.0,.500,.636,0.0,0.5,.000,2.0,2.5,0.0,1.5,0.0,0.0
Kris Humphries,ATL,56,4,12.3,4.6,0.5,1.6,3.8,.407,0.3,1.0,.352,.451,1.1,1.5,.780,1.1,2.6,0.3,0.4,0.5,1.2
R.J. Hunter,CHI,3,0,3.0,0.0,0.0,0.0,0.3,.000,0.0,0.3,.000,.000,0.0,0.0,,0.0,0.3,0.0,0.0,0.0,0.0
Serge Ibaka,TOT,79,79,30.7,14.8,0.9,6.0,12.4,.480,1.6,4.0,.391,.543,1.4,1.6,.856,1.6,5.2,0.5,1.6,1.3,2.7
Serge Ibaka,ORL,56,56,30.5,15.1,1.1,6.1,12.6,.488,1.5,3.8,.388,.547,1.4,1.6,.846,1.8,5.0,0.6,1.6,1.2,2.5
Serge Ibaka,TOR,23,23,31.0,14.2,0.7,5.6,12.1,.459,1.8,4.5,.398,.532,1.3,1.5,.882,1.3,5.5,0.3,1.4,1.7,3.3
Andre Iguodala,GSW,76,0,26.3,7.6,3.4,2.9,5.5,.528,0.8,2.3,.362,.605,0.9,1.3,.706,0.7,3.3,1.0,0.5,0.8,1.3
Ersan Ilyasova,TOT,82,52,26.1,13.1,1.7,4.7,10.9,.431,1.7,4.9,.353,.511,2.0,2.5,.778,1.4,4.5,0.7,0.3,1.4,2.6
Ersan Ilyasova,OKC,3,0,20.7,5.0,0.3,2.0,5.3,.375,1.0,4.0,.250,.469,0.0,0.0,,0.7,4.7,1.0,0.3,1.3,1.7
Ersan Ilyasova,PHI,53,40,27.3,14.8,1.8,5.4,12.2,.440,2.0,5.6,.359,.522,2.1,2.7,.768,1.3,4.6,0.6,0.3,1.5,2.5
Ersan Ilyasova,ATL,26,12,24.3,10.4,1.7,3.6,8.7,.412,1.2,3.5,.348,.482,2.0,2.5,.800,1.6,4.2,0.8,0.3,1.3,2.8
Joe Ingles,UTA,82,26,24.0,7.1,2.7,2.5,5.5,.452,1.5,3.4,.441,.589,0.6,0.8,.735,0.3,2.9,1.2,0.1,1.3,2.0
Brandon Ingram,LAL,79,40,28.8,9.4,2.1,3.5,8.7,.402,0.7,2.4,.294,.442,1.7,2.7,.621,0.8,3.2,0.6,0.5,1.5,2.0
Kyrie Irving,CLE,72,72,35.1,25.2,5.8,9.3,19.7,.473,2.5,6.1,.401,.535,4.1,4.6,.905,0.7,2.5,1.2,0.3,2.5,2.2
Jarrett Jack,NOP,2,0,16.5,3.0,2.5,1.0,1.5,.667,0.0,0.5,.000,.667,1.0,1.0,1.000,0.0,0.0,1.0,0.0,1.5,2.0
Demetrius Jackson,BOS,5,0,3.4,2.0,0.6,0.6,0.8,.750,0.2,0.2,1.000,.875,0.6,1.2,.500,0.4,0.4,0.0,0.0,0.0,0.0
Pierre Jackson,DAL,8,1,10.5,4.4,2.4,1.6,4.9,.333,0.4,1.4,.273,.372,0.8,0.9,.857,0.1,1.0,0.3,0.0,0.4,0.6
Reggie Jackson,DET,52,50,27.4,14.5,5.2,5.5,13.0,.419,1.3,3.5,.359,.468,2.3,2.6,.868,0.4,1.8,0.7,0.1,2.2,2.5
LeBron James,CLE,74,74,37.8,26.4,8.7,9.9,18.2,.548,1.7,4.6,.363,.594,4.8,7.2,.674,1.3,7.3,1.2,0.6,4.1,1.8
Al Jefferson,IND,66,1,14.1,8.1,0.9,3.6,7.1,.499,0.0,0.0,.000,.499,1.0,1.3,.765,1.1,3.1,0.3,0.2,0.5,1.9
Richard Jefferson,CLE,79,13,20.4,5.7,1.0,1.9,4.3,.446,0.8,2.4,.333,.536,1.0,1.4,.741,0.4,2.2,0.3,0.1,0.7,1.9
John Jenkins,PHO,4,0,3.3,1.8,0.3,0.5,1.3,.400,0.3,0.5,.500,.500,0.5,0.5,1.000,0.0,0.3,0.0,0.0,0.0,0.0
Brandon Jennings,TOT,81,13,22.2,7.1,4.9,2.4,6.6,.359,1.0,3.1,.313,.433,1.4,1.9,.750,0.4,2.1,0.9,0.0,1.6,1.4
Brandon Jennings,NYK,58,11,24.6,8.6,4.9,2.8,7.4,.380,1.2,3.4,.340,.459,1.8,2.3,.756,0.4,2.3,0.9,0.1,1.8,1.4
Brandon Jennings,WAS,23,2,16.3,3.5,4.7,1.3,4.6,.274,0.5,2.3,.212,.325,0.5,0.7,.706,0.3,1.6,0.7,0.0,1.0,1.4
Jonas Jerebko,BOS,78,6,15.8,3.8,0.9,1.5,3.4,.435,0.6,1.7,.346,.521,0.3,0.5,.703,0.8,2.7,0.3,0.2,0.5,1.6
Amir Johnson,BOS,80,77,20.1,6.5,1.8,2.7,4.6,.576,0.3,0.8,.409,.612,0.8,1.3,.670,1.5,3.1,0.6,0.8,1.0,2.6
Brice Johnson,LAC,3,0,3.0,1.3,0.3,0.7,2.3,.286,0.0,0.0,,.286,0.0,0.0,,0.3,0.7,0.7,0.3,0.3,0.0
James Johnson,MIA,76,5,27.4,12.8,3.6,4.8,10.1,.479,1.1,3.4,.340,.535,2.0,2.8,.707,0.9,4.1,1.0,1.1,2.3,2.6
Joe Johnson,UTA,78,14,23.6,9.2,1.8,3.5,8.0,.436,1.4,3.3,.411,.521,0.8,1.0,.818,0.4,2.7,0.5,0.2,0.9,1.2
Stanley Johnson,DET,77,1,17.8,4.4,1.4,1.7,4.7,.353,0.6,2.0,.292,.415,0.5,0.7,.679,0.5,2.0,0.7,0.3,0.9,1.6
Tyler Johnson,MIA,73,0,29.8,13.7,3.2,4.9,11.3,.433,1.3,3.4,.372,.490,2.7,3.5,.768,0.7,3.3,1.2,0.6,1.2,2.4
Wesley Johnson,LAC,68,3,11.9,2.7,0.3,1.1,2.9,.365,0.4,1.7,.246,.438,0.2,0.3,.647,0.4,2.3,0.4,0.4,0.3,1.2
Nikola Jokic,DEN,73,59,27.9,16.7,4.9,6.8,11.7,.578,0.6,1.9,.324,.605,2.6,3.1,.825,2.9,6.9,0.8,0.8,2.3,2.9
Dahntay Jones,CLE,1,0,12.0,9.0,1.0,3.0,8.0,.375,0.0,2.0,.000,.375,3.0,4.0,.750,1.0,1.0,0.0,0.0,1.0,1.0
Damian Jones,GSW,10,0,8.5,1.9,0.0,0.8,1.6,.500,0.0,0.0,,.500,0.3,1.0,.300,0.9,1.4,0.1,0.4,0.6,1.5
Derrick Jones,PHO,32,8,17.0,5.3,0.4,2.1,3.8,.562,0.1,0.3,.273,.574,0.9,1.3,.707,1.2,1.3,0.4,0.4,0.4,2.0
James Jones,CLE,48,2,7.9,2.8,0.3,0.9,1.9,.478,0.6,1.4,.470,.647,0.3,0.4,.650,0.1,0.7,0.1,0.2,0.2,0.8
Terrence Jones,TOT,54,12,23.5,10.8,1.1,4.3,9.1,.470,0.4,1.4,.253,.489,1.9,3.1,.606,1.2,4.5,0.7,1.0,0.9,1.2
Terrence Jones,NOP,51,12,24.8,11.5,1.2,4.5,9.6,.472,0.4,1.5,.253,.492,2.0,3.3,.606,1.3,4.7,0.8,1.0,0.9,1.3
Terrence Jones,MIL,3,0,2.0,0.0,0.0,0.0,1.0,.000,0.0,0.0,,.000,0.0,0.0,,0.0,1.0,0.3,0.3,0.0,0.0
Tyus Jones,MIN,60,0,12.9,3.5,2.6,1.3,3.0,.414,0.4,1.2,.356,.486,0.6,0.7,.767,0.2,1.0,0.8,0.1,0.6,0.8
DeAndre Jordan,LAC,81,81,31.7,12.7,1.2,5.1,7.1,.714,0.0,0.0,.000,.714,2.5,5.2,.482,3.7,10.1,0.6,1.7,1.4,2.6
Cory Joseph,TOR,80,22,25.0,9.3,3.3,3.7,8.3,.452,0.6,1.7,.356,.489,1.2,1.5,.770,0.6,2.3,0.8,0.2,1.4,1.8
Frank Kaminsky,CHO,75,16,26.1,11.7,2.2,4.3,10.7,.399,1.5,4.7,.328,.471,1.6,2.1,.756,0.8,3.7,0.6,0.5,1.0,1.9
Enes Kanter,OKC,72,0,21.3,14.3,0.9,5.6,10.2,.545,0.1,0.5,.132,.549,3.1,4.0,.786,2.7,4.0,0.4,0.5,1.7,2.1
Ryan Kelly,ATL,16,0,6.9,1.6,0.5,0.5,1.8,.286,0.3,0.6,.400,.357,0.3,0.4,.833,0.1,1.1,0.3,0.3,0.3,0.3
Michael Kidd-Gilchrist,CHO,81,81,29.0,9.2,1.4,3.6,7.6,.477,0.0,0.1,.111,.478,1.9,2.4,.784,1.9,5.0,1.0,1.0,0.7,2.3
Sean Kilpatrick,BRK,70,24,25.1,13.1,2.2,4.4,10.5,.415,1.5,4.4,.341,.486,2.9,3.5,.843,0.3,3.7,0.6,0.1,1.9,1.7
Brandon Knight,PHO,54,5,21.1,11.0,2.4,3.9,9.7,.398,0.8,2.6,.324,.441,2.4,2.9,.857,0.5,1.7,0.5,0.1,1.6,1.6
Kyle Korver,TOT,67,22,26.2,10.1,1.6,3.6,7.7,.464,2.4,5.4,.451,.621,0.6,0.6,.905,0.1,2.7,0.5,0.3,1.0,1.6
Kyle Korver,ATL,32,21,27.9,9.5,2.3,3.4,7.7,.439,2.0,5.0,.409,.571,0.8,0.8,.889,0.0,2.8,0.7,0.4,1.3,1.5
Kyle Korver,CLE,35,1,24.5,10.7,1.0,3.7,7.7,.487,2.8,5.7,.485,.667,0.4,0.4,.933,0.2,2.6,0.3,0.2,0.8,1.7
Kosta Koufos,SAC,71,62,20.0,6.6,0.7,3.0,5.5,.551,0.0,0.0,.000,.551,0.5,0.9,.613,1.7,4.0,0.5,0.7,0.9,2.4
Mindaugas Kuzminskas,NYK,68,5,14.9,6.3,1.0,2.3,5.4,.428,0.8,2.5,.321,.501,0.8,1.0,.809,0.7,1.2,0.4,0.2,0.8,1.2
Skal Labissiere,SAC,33,12,18.5,8.8,0.8,3.5,6.6,.537,0.1,0.2,.375,.544,1.6,2.2,.703,1.5,3.4,0.5,0.4,1.1,1.9
Jeremy Lamb,CHO,62,5,18.4,9.7,1.2,3.6,7.9,.460,0.7,2.4,.281,.502,1.8,2.1,.853,0.5,3.8,0.4,0.4,0.6,1.6
Nicolas Laprovittola,SAS,18,3,9.7,3.3,1.6,1.1,2.6,.426,0.6,1.5,.370,.532,0.5,0.5,1.000,0.1,0.5,0.2,0.1,1.1,1.1
Joffrey Lauvergne,TOT,70,1,14.0,5.4,1.0,2.1,4.8,.440,0.5,1.4,.337,.490,0.7,1.0,.630,1.0,2.6,0.4,0.1,0.8,1.2
Joffrey Lauvergne,OKC,50,0,14.8,5.7,1.0,2.2,4.9,.455,0.5,1.6,.346,.510,0.7,1.2,.638,1.0,2.6,0.4,0.1,0.8,1.4
Joffrey Lauvergne,CHI,20,1,12.1,4.5,1.0,1.9,4.6,.402,0.3,1.0,.300,.435,0.5,0.8,.600,1.1,2.4,0.4,0.0,0.8,0.6
Zach LaVine,MIN,47,47,37.2,18.9,3.0,6.9,15.1,.459,2.6,6.6,.387,.544,2.5,3.0,.836,0.4,3.0,0.9,0.2,1.8,2.2
Ty Lawson,SAC,69,24,25.1,9.9,4.8,3.4,7.6,.454,0.5,1.7,.288,.487,2.5,3.1,.797,0.6,2.0,1.1,0.1,1.9,1.7
Jake Layman,POR,35,1,7.1,2.2,0.3,0.7,2.5,.292,0.4,1.5,.255,.365,0.4,0.5,.765,0.2,0.5,0.3,0.1,0.3,0.6
Courtney Lee,NYK,77,74,31.9,10.8,2.3,4.2,9.1,.456,1.4,3.5,.401,.533,1.1,1.3,.867,0.7,2.7,1.1,0.3,0.9,1.8
David Lee,SAS,79,10,18.7,7.3,1.6,3.1,5.3,.590,0.0,0.0,,.590,1.0,1.4,.708,1.9,3.7,0.4,0.5,1.0,1.6
Alex Len,PHO,77,34,20.3,8.0,0.6,3.0,6.0,.497,0.0,0.2,.250,.500,1.9,2.7,.721,2.0,4.6,0.5,1.3,1.3,3.1
Kawhi Leonard,SAS,74,74,33.4,25.5,3.5,8.6,17.7,.485,2.0,5.2,.380,.541,6.3,7.2,.880,1.1,4.7,1.8,0.7,2.1,1.6
Meyers Leonard,POR,74,12,16.5,5.4,1.0,2.0,5.1,.386,1.0,2.9,.347,.484,0.5,0.5,.875,0.4,2.8,0.2,0.4,0.5,2.3
Jon Leuer,DET,75,34,25.9,10.2,1.5,4.1,8.6,.480,0.7,2.2,.293,.518,1.3,1.5,.867,1.4,4.0,0.4,0.3,0.9,1.9
Caris LeVert,BRK,57,26,21.7,8.2,1.9,3.0,6.7,.450,1.0,3.2,.321,.528,1.2,1.6,.720,0.4,2.9,0.9,0.1,1.0,1.6
DeAndre Liggins,TOT,62,19,12.5,2.5,0.9,0.9,2.3,.387,0.3,0.7,.370,.447,0.4,0.6,.625,0.3,1.4,0.8,0.2,0.7,1.3
DeAndre Liggins,CLE,61,19,12.3,2.4,0.9,0.9,2.2,.382,0.3,0.7,.378,.445,0.4,0.6,.622,0.3,1.4,0.7,0.2,0.7,1.3
DeAndre Liggins,DAL,1,0,25.0,8.0,0.0,3.0,6.0,.500,0.0,1.0,.000,.500,2.0,3.0,.667,3.0,4.0,2.0,0.0,0.0,3.0
Damian Lillard,POR,75,75,35.9,27.0,5.9,8.8,19.8,.444,2.9,7.7,.370,.516,6.5,7.3,.895,0.6,4.3,0.9,0.3,2.6,2.0
Jeremy Lin,BRK,36,33,24.5,14.5,5.1,4.9,11.1,.438,1.6,4.3,.372,.510,3.2,3.9,.816,0.3,3.4,1.2,0.4,2.4,2.2
Shaun Livingston,GSW,76,3,17.7,5.1,1.8,2.3,4.2,.547,0.0,0.0,.333,.549,0.6,0.8,.700,0.4,1.6,0.5,0.3,0.8,1.6
Shawn Long,PHI,18,0,13.0,8.2,0.7,3.4,6.1,.560,0.4,1.1,.368,.592,1.1,1.9,.543,2.3,2.4,0.5,0.5,0.7,2.7
Kevon Looney,GSW,53,4,8.4,2.5,0.5,1.1,2.0,.523,0.0,0.2,.222,.533,0.4,0.6,.618,0.8,1.5,0.3,0.3,0.3,1.2
Brook Lopez,BRK,75,75,29.6,20.5,2.3,7.4,15.6,.474,1.8,5.2,.346,.531,3.9,4.9,.810,1.6,3.8,0.5,1.7,2.5,2.6
Robin Lopez,CHI,81,81,28.0,10.4,1.0,4.7,9.6,.493,0.0,0.0,.000,.493,0.9,1.3,.721,3.0,3.4,0.2,1.4,1.1,1.9
Kevin Love,CLE,60,60,31.4,19.0,1.9,6.2,14.5,.427,2.4,6.5,.373,.510,4.3,4.9,.871,2.5,8.6,0.9,0.4,2.0,2.1
Kyle Lowry,TOR,60,60,37.4,22.4,7.0,7.1,15.3,.464,3.2,7.8,.412,.569,5.0,6.1,.819,0.8,4.0,1.5,0.3,2.9,2.8
John Lucas III,MIN,5,0,2.2,0.4,0.2,0.2,0.8,.250,0.0,0.2,.000,.250,0.0,0.0,,0.0,0.0,0.4,0.0,0.0,0.0
Timothe Luwawu-Cabarrot,PHI,69,19,17.2,6.4,1.1,2.1,5.2,.402,0.7,2.3,.311,.471,1.5,1.8,.854,0.4,1.8,0.5,0.1,1.1,2.2
Trey Lyles,UTA,71,4,16.3,6.2,1.0,2.2,6.2,.362,0.9,2.9,.319,.436,0.8,1.1,.722,0.7,2.6,0.4,0.3,0.9,1.4
Sheldon Mac,WAS,30,3,9.6,3.0,0.5,1.0,2.5,.400,0.2,1.0,.233,.447,0.8,0.9,.852,0.1,1.0,0.3,0.1,0.2,0.6
Shelvin Mack,UTA,55,9,21.9,7.8,2.8,3.1,6.9,.446,0.7,2.2,.308,.495,1.0,1.4,.688,0.4,1.9,0.8,0.1,1.6,1.8
Ian Mahinmi,WAS,31,0,17.9,5.6,0.6,2.1,3.6,.586,0.0,0.0,,.586,1.4,2.4,.573,1.5,3.3,1.1,0.8,1.1,2.9
Thon Maker,MIL,57,34,9.9,4.0,0.4,1.5,3.2,.459,0.5,1.3,.378,.536,0.6,0.9,.653,0.7,1.3,0.2,0.5,0.3,1.5
Boban Marjanovic,DET,35,0,8.4,5.5,0.3,2.1,3.8,.545,0.0,0.0,,.545,1.3,1.7,.810,1.3,2.4,0.2,0.3,0.3,0.7
Jarell Martin,MEM,42,3,13.3,3.9,0.2,1.4,3.6,.384,0.2,0.6,.360,.414,1.0,1.2,.800,1.0,2.9,0.4,0.2,0.7,2.2
Wesley Matthews,DAL,73,73,34.2,13.5,2.9,4.6,11.6,.393,2.4,6.6,.363,.496,2.0,2.5,.816,0.2,3.3,1.1,0.2,1.4,2.2
Luc Mbah a Moute,LAC,80,76,22.3,6.1,0.5,2.4,4.7,.505,0.5,1.4,.391,.562,0.7,1.1,.678,0.6,1.6,1.0,0.4,0.6,1.5
James Michael McAdoo,GSW,52,2,8.8,2.8,0.3,1.2,2.3,.530,0.0,0.2,.250,.538,0.4,0.8,.500,0.7,1.1,0.3,0.6,0.4,0.9
Patrick McCaw,GSW,71,20,15.1,4.0,1.1,1.5,3.5,.433,0.6,1.7,.333,.516,0.4,0.5,.784,0.3,1.1,0.5,0.2,0.5,0.9
CJ McCollum,POR,80,80,35.0,23.0,3.6,8.7,18.0,.480,2.3,5.5,.421,.544,3.4,3.7,.912,0.8,2.9,0.9,0.5,2.2,2.5
T.J. McConnell,PHI,81,51,26.3,6.9,6.6,2.9,6.3,.461,0.1,0.7,.200,.472,0.9,1.1,.811,0.5,2.6,1.7,0.1,2.0,1.7
Chris McCullough,TOT,16,0,5.0,2.3,0.1,1.0,2.0,.500,0.1,0.4,.143,.516,0.2,0.3,.600,0.6,0.6,0.1,0.1,0.2,0.4
Chris McCullough,BRK,14,0,5.1,2.5,0.1,1.1,2.2,.516,0.1,0.4,.167,.532,0.1,0.2,.667,0.6,0.6,0.1,0.1,0.1,0.5
Chris McCullough,WAS,2,0,4.0,0.5,0.0,0.0,0.5,.000,0.0,0.5,.000,.000,0.5,1.0,.500,0.0,1.0,0.5,0.0,0.5,0.0
K.J. McDaniels,TOT,49,0,10.3,4.2,0.3,1.6,3.4,.456,0.4,1.3,.303,.515,0.7,0.8,.842,0.3,1.4,0.4,0.4,0.6,1.0
K.J. McDaniels,HOU,29,0,7.3,2.8,0.1,1.1,2.3,.456,0.3,0.9,.333,.522,0.3,0.3,.900,0.2,0.8,0.2,0.3,0.3,0.8
K.J. McDaniels,BRK,20,0,14.7,6.3,0.5,2.3,5.1,.455,0.6,2.0,.282,.510,1.2,1.4,.821,0.5,2.2,0.6,0.5,1.0,1.3
Doug McDermott,TOT,66,5,22.8,9.0,0.9,3.4,7.5,.447,1.2,3.2,.370,.524,1.1,1.3,.845,0.3,2.4,0.2,0.1,0.6,1.2
Doug McDermott,CHI,44,4,24.5,10.2,1.0,3.8,8.5,.445,1.3,3.4,.373,.520,1.3,1.5,.881,0.3,2.6,0.3,0.1,0.7,1.3
Doug McDermott,OKC,22,1,19.5,6.6,0.6,2.5,5.6,.452,1.0,2.6,.362,.536,0.5,0.8,.706,0.3,2.0,0.1,0.0,0.3,1.0
JaVale McGee,GSW,77,10,9.6,6.1,0.2,2.7,4.1,.652,0.0,0.0,.000,.652,0.7,1.4,.505,1.3,1.9,0.2,0.9,0.5,1.4
Rodney McGruder,MIA,78,65,25.2,6.4,1.6,2.4,5.9,.413,0.9,2.8,.332,.492,0.6,0.9,.620,1.2,2.1,0.6,0.2,0.7,1.8
Ben McLemore,SAC,61,26,19.3,8.1,0.8,3.0,6.9,.430,1.1,2.8,.382,.507,1.1,1.5,.753,0.3,1.8,0.5,0.1,1.0,1.8
Jordan McRae,CLE,37,4,10.4,4.4,0.5,1.6,4.1,.387,0.5,1.4,.353,.447,0.7,0.9,.794,0.2,0.9,0.2,0.2,0.4,0.8
Josh McRoberts,MIA,22,14,17.3,4.9,2.3,2.0,5.4,.373,0.6,1.4,.419,.428,0.3,0.4,.667,1.0,2.3,0.5,0.2,1.0,1.4
Jodie Meeks,ORL,36,10,20.5,9.1,1.3,2.9,7.1,.402,1.6,3.8,.409,.512,1.8,2.1,.878,0.1,2.0,0.9,0.1,1.0,1.1
Salah Mejri,DAL,73,11,12.4,2.9,0.2,1.2,1.9,.642,0.0,0.0,.333,.646,0.5,0.8,.590,1.3,2.9,0.4,0.8,0.5,2.1
Jordan Mickey,BOS,25,1,5.6,1.5,0.3,0.6,1.4,.441,0.0,0.0,.000,.441,0.3,0.6,.571,0.5,0.8,0.1,0.2,0.4,0.5
Khris Middleton,MIL,29,23,30.7,14.7,3.4,5.2,11.5,.450,1.6,3.6,.433,.518,2.8,3.2,.880,0.4,3.9,1.4,0.2,2.2,2.7
C.J. Miles,IND,76,29,23.4,10.7,0.6,3.7,8.5,.434,2.2,5.4,.413,.565,1.1,1.2,.903,0.4,2.6,0.6,0.3,0.5,2.0
Mike Miller,DEN,20,0,7.6,1.4,1.1,0.5,1.2,.391,0.4,1.0,.400,.565,0.1,0.1,1.000,0.1,1.8,0.1,0.0,0.7,0.5
Patty Mills,SAS,80,8,21.9,9.5,3.5,3.4,7.8,.440,1.8,4.4,.414,.558,0.8,1.0,.825,0.3,1.5,0.8,0.0,1.3,1.4
Elijah Millsap,PHO,2,0,11.5,1.5,0.5,0.5,3.5,.143,0.0,1.0,.000,.143,0.5,1.0,.500,1.5,1.5,0.0,0.0,1.0,1.0
Paul Millsap,ATL,69,67,34.0,18.1,3.7,6.2,14.1,.442,1.1,3.5,.311,.481,4.5,5.9,.768,1.6,6.1,1.3,0.9,2.3,2.7
Nikola Mirotic,CHI,70,15,24.0,10.6,1.1,3.7,8.9,.413,1.8,5.4,.342,.516,1.4,1.8,.773,0.9,4.6,0.8,0.8,1.1,1.8
Greg Monroe,MIL,81,0,22.5,11.7,2.3,4.8,9.0,.533,0.0,0.0,.000,.533,2.2,3.0,.741,2.1,4.5,1.1,0.5,1.7,2.1
E'Twaun Moore,NOP,73,22,24.9,9.6,2.2,3.9,8.5,.457,1.1,2.8,.370,.519,0.8,1.0,.770,0.5,1.6,0.7,0.4,0.8,1.8
Marcus Morris,DET,79,79,32.5,14.0,2.0,5.3,12.7,.418,1.5,4.5,.331,.477,1.8,2.3,.784,1.0,3.7,0.7,0.3,1.1,2.1
Markieff Morris,WAS,76,76,31.2,14.0,1.7,5.3,11.7,.457,0.9,2.6,.362,.497,2.4,2.8,.837,1.4,5.1,1.1,0.6,1.7,3.3
Anthony Morrow,TOT,49,7,14.6,5.5,0.5,2.0,5.1,.389,0.8,2.7,.308,.470,0.7,0.8,.919,0.2,0.4,0.5,0.0,0.1,0.9
Anthony Morrow,OKC,40,7,15.7,5.8,0.5,2.2,5.6,.386,0.9,3.0,.294,.464,0.6,0.7,.885,0.3,0.5,0.6,0.1,0.2,1.0
Anthony Morrow,CHI,9,0,9.7,4.6,0.7,1.3,3.2,.414,0.7,1.6,.429,.517,1.2,1.2,1.000,0.1,0.1,0.2,0.0,0.0,0.4
Donatas Motiejunas,NOP,34,0,14.1,4.4,0.9,1.7,4.1,.413,0.3,1.4,.234,.453,0.7,1.4,.510,0.8,2.2,0.5,0.3,0.9,1.6
Timofey Mozgov,LAL,54,52,20.4,7.4,0.8,3.1,6.1,.515,0.0,0.0,.000,.515,1.2,1.4,.808,1.9,3.0,0.3,0.6,1.3,2.5
Emmanuel Mudiay,DEN,55,41,25.6,11.0,3.9,3.8,10.0,.377,1.0,3.2,.315,.428,2.4,3.0,.784,0.5,2.7,0.7,0.2,2.2,1.7
Shabazz Muhammad,MIN,78,1,19.4,9.9,0.4,3.7,7.7,.482,0.6,1.9,.338,.523,1.9,2.4,.774,1.1,1.7,0.3,0.1,0.7,1.1
Dejounte Murray,SAS,38,8,8.5,3.4,1.3,1.3,3.1,.431,0.2,0.6,.391,.470,0.6,0.8,.700,0.2,0.9,0.2,0.2,1.0,0.8
Jamal Murray,DEN,82,10,21.5,9.9,2.1,3.6,8.9,.404,1.4,4.2,.334,.483,1.3,1.5,.883,0.5,2.1,0.6,0.3,1.4,1.5
Mike Muscala,ATL,70,3,17.7,6.2,1.4,2.4,4.8,.504,0.7,1.6,.418,.573,0.7,0.9,.766,1.1,2.3,0.4,0.6,0.8,1.4
Larry Nance,LAL,63,7,22.9,7.1,1.5,3.0,5.7,.526,0.2,0.6,.278,.540,0.9,1.3,.738,1.9,4.0,1.3,0.6,0.9,2.4
Shabazz Napier,POR,53,2,9.7,4.1,1.3,1.4,3.5,.399,0.6,1.7,.370,.492,0.7,0.9,.776,0.2,1.0,0.6,0.0,0.8,0.7
Maurice Ndour,NYK,32,4,10.3,3.1,0.3,1.2,2.7,.453,0.0,0.2,.143,.459,0.6,0.8,.731,0.7,1.3,0.5,0.3,0.4,0.9
Gary Neal,ATL,2,0,9.0,2.0,0.5,0.0,3.5,.000,0.0,1.0,.000,.000,2.0,2.0,1.000,0.0,0.5,0.0,0.0,0.0,0.5
Jameer Nelson,DEN,75,39,27.3,9.2,5.1,3.6,8.1,.444,1.4,3.6,.388,.531,0.6,0.8,.714,0.4,2.2,0.7,0.1,1.7,2.6
Raul Neto,UTA,40,0,8.7,2.5,0.9,1.0,2.3,.451,0.3,0.8,.323,.505,0.2,0.2,.889,0.1,0.7,0.5,0.1,0.4,1.2
Georges Niang,IND,23,0,4.0,0.9,0.2,0.4,1.6,.250,0.0,0.5,.083,.264,0.1,0.1,1.000,0.1,0.7,0.1,0.0,0.2,0.3
Andrew Nicholson,TOT,38,0,9.0,2.6,0.3,1.1,2.9,.387,0.1,0.7,.185,.410,0.2,0.4,.643,0.4,1.2,0.4,0.2,0.4,1.4
Andrew Nicholson,WAS,28,0,8.3,2.5,0.3,1.1,2.8,.390,0.1,0.6,.188,.409,0.3,0.4,.583,0.4,0.8,0.4,0.2,0.4,1.3
Andrew Nicholson,BRK,10,0,11.1,3.0,0.3,1.3,3.4,.382,0.2,1.1,.182,.412,0.2,0.2,1.000,0.4,2.3,0.5,0.0,0.6,1.8
Joakim Noah,NYK,46,46,22.1,5.0,2.2,2.2,4.4,.490,0.0,0.0,.000,.490,0.7,1.7,.436,3.5,5.2,0.7,0.8,1.3,2.8
Nerlens Noel,TOT,51,19,20.5,8.7,1.0,3.6,6.1,.595,0.0,0.0,.000,.595,1.5,2.2,.694,1.8,3.9,1.3,1.0,1.0,2.5
Nerlens Noel,PHI,29,7,19.4,8.9,1.0,3.7,6.0,.611,0.0,0.0,.000,.611,1.5,2.2,.683,1.6,3.4,1.5,0.9,1.0,2.4
Nerlens Noel,DAL,22,12,22.0,8.5,0.9,3.5,6.1,.575,0.0,0.0,,.575,1.5,2.2,.708,2.1,4.7,1.0,1.1,1.0,2.5
Lucas Nogueira,TOR,57,6,19.1,4.4,0.7,1.8,2.7,.660,0.1,0.2,.250,.670,0.8,1.2,.657,1.4,2.8,0.9,1.6,0.8,2.4
Steve Novak,MIL,8,0,2.8,0.6,0.0,0.3,0.9,.286,0.1,0.8,.167,.357,0.0,0.0,,0.0,0.4,0.0,0.0,0.0,0.1
Dirk Nowitzki,DAL,54,54,26.4,14.2,1.5,5.5,12.6,.437,1.5,3.9,.378,.495,1.8,2.1,.875,0.4,6.1,0.6,0.7,0.9,2.1
Jusuf Nurkic,TOT,65,48,21.4,10.2,1.9,4.2,8.2,.507,0.0,0.0,.000,.507,1.8,3.2,.571,2.4,4.8,0.8,1.1,2.2,2.5
Jusuf Nurkic,DEN,45,29,17.9,8.0,1.3,3.4,6.6,.507,0.0,0.0,,.507,1.2,2.5,.496,2.0,3.8,0.6,0.8,1.8,2.0
Jusuf Nurkic,POR,20,19,29.2,15.2,3.2,6.0,11.8,.508,0.0,0.1,.000,.508,3.2,4.9,.660,3.3,7.1,1.3,1.9,3.1,3.7
David Nwaba,LAL,20,2,19.9,6.0,0.7,2.4,4.1,.580,0.1,0.3,.200,.586,1.3,2.0,.641,0.9,2.3,0.7,0.4,0.6,1.8
Johnny O'Bryant,TOT,11,0,7.3,3.5,0.5,1.4,2.7,.500,0.3,0.5,.500,.550,0.5,0.5,.833,0.8,0.9,0.0,0.1,0.5,0.9
Johnny O'Bryant,DEN,7,0,6.6,2.9,0.3,1.0,2.1,.467,0.3,0.4,.667,.533,0.6,0.6,1.000,0.7,0.9,0.0,0.1,0.4,0.6
Johnny O'Bryant,CHO,4,0,8.5,4.5,1.0,2.0,3.8,.533,0.3,0.8,.333,.567,0.3,0.5,.500,1.0,1.0,0.0,0.0,0.8,1.5
Kyle O'Quinn,NYK,79,8,15.6,6.3,1.5,2.7,5.2,.521,0.0,0.2,.118,.523,0.8,1.1,.771,2.0,3.6,0.5,1.3,1.0,2.2
Daniel Ochefu,WAS,19,0,3.9,1.3,0.2,0.6,1.4,.444,0.0,0.0,,.444,0.0,0.1,.000,0.3,0.9,0.1,0.0,0.2,0.9
Jahlil Okafor,PHI,50,33,22.7,11.8,1.2,4.8,9.4,.514,0.0,0.0,,.514,2.1,3.2,.671,1.6,3.2,0.4,1.0,1.8,2.4
Victor Oladipo,OKC,67,67,33.2,15.9,2.6,6.1,13.9,.442,1.9,5.3,.361,.510,1.7,2.3,.753,0.6,3.8,1.2,0.3,1.8,2.3
Kelly Olynyk,BOS,75,6,20.5,9.0,2.0,3.5,6.8,.512,0.9,2.6,.354,.579,1.2,1.6,.732,1.0,3.8,0.6,0.4,1.3,2.8
Arinze Onuaku,ORL,8,0,3.5,0.5,0.3,0.3,0.5,.500,0.0,0.0,,.500,0.0,0.0,,0.3,0.5,0.0,0.1,0.3,0.4
Chinanu Onuaku,HOU,5,1,10.4,2.8,0.6,1.0,1.4,.714,0.0,0.0,,.714,0.8,0.8,1.000,0.4,1.6,0.6,0.2,0.8,1.2
Kelly Oubre,WAS,79,5,20.3,6.3,0.6,2.4,5.6,.421,0.7,2.4,.287,.482,0.9,1.3,.758,0.8,2.5,0.7,0.2,0.6,2.5
Zaza Pachulia,GSW,70,70,18.1,6.1,1.9,2.3,4.4,.534,0.0,0.0,.000,.534,1.4,1.8,.778,2.0,3.9,0.8,0.5,1.2,2.4
Georgios Papagiannis,SAC,22,0,16.1,5.6,0.9,2.5,4.6,.549,0.0,0.1,.000,.549,0.5,0.6,.857,1.1,2.8,0.1,0.8,1.1,2.0
Jabari Parker,MIL,51,50,33.9,20.1,2.8,7.8,16.0,.490,1.3,3.5,.365,.530,3.2,4.3,.743,1.5,4.6,1.0,0.4,1.8,2.2
Tony Parker,SAS,63,63,25.2,10.1,4.5,4.2,9.0,.466,0.4,1.1,.333,.486,1.3,1.9,.726,0.1,1.7,0.5,0.0,1.4,1.5
Chandler Parsons,MEM,34,34,19.9,6.2,1.6,2.2,6.5,.338,0.7,2.7,.269,.394,1.0,1.3,.814,0.2,2.3,0.6,0.1,0.7,1.5
Lamar Patterson,ATL,5,0,8.0,1.8,1.2,0.6,3.0,.200,0.2,1.2,.167,.233,0.4,0.6,.667,0.2,1.2,0.2,0.0,0.8,1.2
Patrick Patterson,TOR,65,8,24.6,6.8,1.2,2.4,5.9,.401,1.4,3.9,.372,.523,0.7,0.9,.717,1.0,3.6,0.6,0.4,0.6,1.8
Chris Paul,LAC,61,61,31.5,18.1,9.2,6.1,12.9,.476,2.0,5.0,.411,.555,3.8,4.3,.892,0.7,4.3,2.0,0.1,2.4,2.4
Adreian Payne,MIN,18,0,7.5,3.5,0.4,1.3,3.0,.426,0.2,0.8,.200,.454,0.8,1.1,.737,0.5,1.3,0.4,0.4,0.4,1.8
Cameron Payne,TOT,31,0,14.9,5.2,1.8,2.1,6.2,.332,0.9,2.8,.314,.402,0.2,0.3,.625,0.1,1.5,0.5,0.1,0.9,1.7
Cameron Payne,OKC,20,0,16.0,5.3,2.0,2.2,6.5,.331,0.8,2.6,.308,.392,0.2,0.2,1.000,0.1,1.5,0.5,0.2,0.8,1.9
Cameron Payne,CHI,11,0,12.9,4.9,1.4,1.9,5.7,.333,1.0,3.1,.324,.421,0.1,0.4,.250,0.1,1.5,0.4,0.0,1.2,1.3
Elfrid Payton,ORL,82,58,29.4,12.8,6.5,5.2,11.1,.471,0.5,1.8,.274,.493,1.8,2.6,.692,1.1,3.6,1.1,0.5,2.2,2.2
Gary Payton,MIL,6,0,16.5,3.3,2.2,1.3,3.7,.364,0.2,1.5,.111,.386,0.5,0.8,.600,0.0,2.0,0.5,0.7,1.7,1.5
Paul Pierce,LAC,25,7,11.1,3.2,0.4,1.1,2.8,.400,0.6,1.7,.349,.507,0.4,0.5,.769,0.0,1.9,0.2,0.2,0.6,1.6
Marshall Plumlee,NYK,21,1,8.1,1.9,0.5,0.8,1.4,.533,0.0,0.0,,.533,0.4,0.9,.421,1.1,1.3,0.2,0.2,0.6,1.1
Mason Plumlee,TOT,81,64,26.5,10.4,3.5,4.1,7.7,.536,0.0,0.1,.000,.536,2.1,3.7,.580,2.1,5.4,0.9,1.1,1.7,2.8
Mason Plumlee,POR,54,54,28.1,11.1,4.0,4.4,8.2,.532,0.0,0.1,.000,.532,2.4,4.1,.567,2.2,5.8,0.9,1.2,1.6,2.8
Mason Plumlee,DEN,27,10,23.4,9.1,2.6,3.7,6.7,.547,0.0,0.0,.000,.547,1.7,2.8,.618,1.9,4.6,0.7,1.1,1.7,2.9
Miles Plumlee,TOT,45,12,10.8,2.5,0.5,1.0,2.0,.478,0.0,0.0,,.478,0.6,0.9,.641,0.8,1.3,0.4,0.3,0.7,1.6
Miles Plumlee,MIL,32,12,9.7,2.6,0.6,0.9,2.1,.441,0.0,0.0,,.441,0.7,1.1,.629,0.7,0.9,0.3,0.3,0.7,1.5
Miles Plumlee,CHO,13,0,13.4,2.4,0.2,1.1,1.8,.583,0.0,0.0,,.583,0.2,0.3,.750,1.2,2.1,0.5,0.3,0.6,1.9
Jakob Poeltl,TOR,54,4,11.6,3.1,0.2,1.2,2.1,.583,0.0,0.0,,.583,0.6,1.1,.544,1.4,1.6,0.3,0.4,0.5,2.1
Otto Porter,WAS,80,80,32.6,13.4,1.5,5.2,10.0,.516,1.9,4.3,.434,.608,1.2,1.5,.832,1.5,5.0,1.5,0.5,0.6,2.4
Bobby Portis,CHI,64,13,15.6,6.8,0.5,2.9,5.9,.488,0.5,1.5,.333,.531,0.6,0.9,.661,1.2,3.5,0.3,0.2,0.6,1.5
Kristaps Porzingis,NYK,66,65,32.8,18.1,1.5,6.7,14.9,.450,1.7,4.8,.357,.507,3.0,3.8,.786,1.7,5.5,0.7,2.0,1.8,3.7
Dwight Powell,DAL,77,3,17.3,6.7,0.6,2.5,4.9,.515,0.3,1.0,.284,.542,1.4,1.8,.759,1.2,2.8,0.8,0.5,0.4,1.8
Norman Powell,TOR,76,18,18.0,8.4,1.1,3.0,6.7,.449,0.7,2.3,.324,.504,1.7,2.1,.792,0.3,1.9,0.7,0.2,0.9,1.7
Alex Poythress,PHI,6,1,26.2,10.7,0.8,4.2,9.0,.463,1.0,3.2,.316,.519,1.3,1.7,.800,1.8,3.0,0.5,0.3,0.5,2.3
Ronnie Price,PHO,14,0,9.6,1.0,1.3,0.3,1.7,.167,0.2,1.2,.176,.229,0.2,0.3,.750,0.2,0.6,0.8,0.1,0.2,1.0
Tim Quarterman,POR,16,0,5.0,1.9,0.7,0.8,1.8,.448,0.3,0.8,.385,.534,0.0,0.2,.000,0.3,0.6,0.1,0.2,0.7,0.4
Chasson Randle,TOT,26,0,11.5,5.3,1.3,1.5,3.8,.408,0.6,1.8,.340,.490,1.6,1.7,.953,0.2,1.0,0.3,0.1,0.7,1.5
Chasson Randle,PHI,8,0,9.3,5.3,0.8,1.5,3.3,.462,0.8,1.9,.400,.577,1.5,1.5,1.000,0.0,0.6,0.4,0.1,0.4,1.4
Chasson Randle,NYK,18,0,12.5,5.3,1.6,1.6,4.0,.389,0.6,1.8,.313,.458,1.6,1.7,.935,0.3,1.2,0.3,0.1,0.9,1.6
Julius Randle,LAL,74,73,28.8,13.2,3.6,5.1,10.4,.488,0.2,0.9,.270,.499,2.8,3.8,.723,2.0,6.6,0.7,0.5,2.3,3.4
Zach Randolph,MEM,73,5,24.5,14.1,1.7,5.9,13.2,.449,0.3,1.3,.223,.460,1.9,2.6,.731,2.5,5.7,0.5,0.1,1.4,1.9
J.J. Redick,LAC,78,78,28.2,15.0,1.4,5.1,11.4,.445,2.6,6.0,.429,.558,2.3,2.6,.891,0.1,2.1,0.7,0.2,1.3,1.6
Willie Reed,MIA,71,5,14.5,5.3,0.4,2.3,4.0,.568,0.0,0.1,.250,.570,0.7,1.2,.557,1.8,2.9,0.3,0.7,0.4,1.9
Josh Richardson,MIA,53,34,30.5,10.2,2.6,3.8,9.7,.394,1.4,4.3,.330,.467,1.1,1.5,.779,0.7,2.5,1.1,0.7,1.2,2.5
Malachi Richardson,SAC,22,0,9.0,3.6,0.5,1.3,3.1,.412,0.4,1.3,.286,.471,0.7,0.9,.789,0.1,0.9,0.2,0.0,0.4,1.0
Austin Rivers,LAC,74,29,27.8,12.0,2.8,4.4,9.9,.442,1.5,4.0,.371,.518,1.8,2.6,.691,0.3,1.9,0.6,0.1,1.6,2.5
Andre Roberson,OKC,79,79,30.1,6.6,1.0,2.7,5.9,.464,0.6,2.3,.245,.513,0.6,1.4,.423,1.2,3.9,1.2,1.0,0.6,2.6
Brian Roberts,CHO,41,2,10.1,3.5,1.3,1.1,3.0,.377,0.4,1.1,.386,.447,0.8,1.0,.846,0.1,0.8,0.2,0.0,0.6,0.4
Glenn Robinson,IND,69,27,20.7,6.1,0.7,2.3,4.9,.467,0.7,1.8,.392,.540,0.8,1.1,.711,0.8,2.7,0.6,0.3,0.5,0.9
Thomas Robinson,LAL,48,1,11.7,5.0,0.6,2.2,4.1,.536,0.0,0.0,.000,.536,0.6,1.4,.470,1.8,2.9,0.5,0.2,1.0,1.6
Sergio Rodriguez,PHI,68,30,22.3,7.8,5.1,3.1,7.9,.392,1.4,3.7,.365,.478,0.3,0.4,.667,0.3,2.0,0.7,0.1,1.9,1.4
Rajon Rondo,CHI,69,42,26.7,7.8,6.7,3.3,8.1,.408,0.7,1.9,.376,.453,0.4,0.7,.600,1.1,4.1,1.4,0.2,2.4,2.1
Derrick Rose,NYK,64,64,32.5,18.0,4.4,7.2,15.3,.471,0.2,0.9,.217,.477,3.5,4.0,.874,1.0,2.8,0.7,0.3,2.3,1.3
Terrence Ross,TOT,78,24,25.1,11.0,1.1,4.2,9.6,.437,1.8,5.0,.363,.532,0.8,1.0,.831,0.2,2.4,1.1,0.4,0.9,1.8
Terrence Ross,TOR,54,0,22.4,10.4,0.8,3.9,8.9,.441,1.8,4.7,.375,.541,0.8,0.9,.820,0.3,2.3,1.0,0.4,0.6,1.5
Terrence Ross,ORL,24,24,31.2,12.5,1.8,4.8,11.1,.431,1.9,5.6,.341,.517,1.0,1.1,.852,0.2,2.7,1.4,0.5,1.5,2.5
Terry Rozier,BOS,74,0,17.1,5.5,1.8,2.0,5.6,.367,0.8,2.4,.318,.437,0.7,0.9,.773,0.5,2.5,0.6,0.1,0.6,0.9
Ricky Rubio,MIN,75,75,32.9,11.1,9.1,3.5,8.7,.402,0.8,2.6,.306,.448,3.4,3.8,.891,0.9,3.2,1.7,0.1,2.6,2.7
Damjan Rudez,ORL,45,0,7.0,1.8,0.4,0.7,2.0,.352,0.4,1.4,.313,.466,0.0,0.0,,0.1,0.4,0.3,0.0,0.2,0.7
Brandon Rush,MIN,47,33,21.9,4.2,1.0,1.5,4.0,.374,0.9,2.4,.386,.492,0.3,0.4,.722,0.3,1.8,0.5,0.5,0.6,0.9
D'Angelo Russell,LAL,63,60,28.7,15.6,4.8,5.6,13.8,.405,2.1,6.1,.352,.483,2.3,3.0,.782,0.5,3.0,1.4,0.3,2.8,2.1
Domantas Sabonis,OKC,81,66,20.1,5.9,1.0,2.4,5.9,.399,0.6,2.0,.321,.452,0.5,0.8,.657,0.6,3.0,0.5,0.4,1.0,2.5
Larry Sanders,CLE,5,0,2.6,0.8,0.0,0.2,0.8,.250,0.0,0.0,,.250,0.4,0.4,1.000,0.6,0.2,0.2,0.2,0.4,1.0
Dario Saric,PHI,81,36,26.3,12.8,2.2,4.7,11.4,.411,1.3,4.2,.311,.468,2.1,2.7,.782,1.4,5.0,0.7,0.4,2.3,2.0
Tomas Satoransky,WAS,57,3,12.6,2.7,1.6,1.1,2.6,.415,0.2,0.6,.243,.446,0.4,0.6,.697,0.4,1.0,0.5,0.1,0.7,1.1
Dennis Schroder,ATL,79,78,31.5,17.9,6.3,6.9,15.4,.451,1.3,3.7,.340,.493,2.8,3.2,.855,0.5,2.6,0.9,0.2,3.3,1.9
Luis Scola,BRK,36,1,12.8,5.1,1.0,2.0,4.2,.470,0.5,1.4,.340,.526,0.7,1.0,.676,1.4,2.4,0.4,0.1,0.9,1.8
Mike Scott,ATL,18,0,10.8,2.5,0.9,0.9,3.3,.288,0.2,1.5,.148,.322,0.4,0.4,.875,0.6,1.5,0.2,0.2,0.4,0.7
Thabo Sefolosha,ATL,62,42,25.7,7.2,1.7,2.8,6.4,.441,0.7,1.9,.342,.492,0.9,1.2,.733,0.9,3.5,1.5,0.5,0.9,1.6
Wayne Selden,TOT,14,5,16.9,5.1,0.9,1.8,4.1,.431,0.5,2.0,.250,.491,1.0,1.6,.636,0.1,1.1,0.4,0.1,0.9,1.3
Wayne Selden,NOP,3,3,15.7,5.3,0.3,1.7,2.7,.625,1.3,2.3,.571,.875,0.7,1.3,.500,0.0,1.7,0.7,0.0,1.0,2.0
Wayne Selden,MEM,11,2,17.2,5.0,1.1,1.8,4.5,.400,0.3,1.9,.143,.430,1.1,1.6,.667,0.1,0.9,0.4,0.1,0.8,1.1
Kevin Seraphin,IND,49,3,11.4,4.7,0.5,2.2,4.0,.551,0.0,0.0,.000,.551,0.3,0.4,.636,0.8,2.1,0.1,0.4,0.6,1.3
Ramon Sessions,CHO,50,1,16.2,6.2,2.6,2.0,5.3,.380,0.4,1.2,.339,.420,1.8,2.4,.771,0.2,1.2,0.5,0.1,0.9,0.9
Iman Shumpert,CLE,76,31,25.5,7.5,1.4,2.6,6.4,.411,1.2,3.4,.360,.507,0.9,1.2,.789,0.5,2.4,0.8,0.4,1.0,2.0
Pascal Siakam,TOR,55,38,15.6,4.2,0.3,1.9,3.7,.502,0.0,0.1,.143,.505,0.4,0.6,.688,1.2,2.2,0.5,0.8,0.6,2.0
Jonathon Simmons,SAS,78,8,17.8,6.2,1.6,2.3,5.4,.420,0.4,1.3,.294,.456,1.3,1.7,.750,0.3,1.8,0.6,0.3,1.0,1.9
Kyle Singler,OKC,32,2,12.0,2.8,0.3,1.1,2.6,.410,0.2,1.2,.189,.452,0.4,0.5,.765,0.3,1.3,0.2,0.2,0.3,0.9
Marcus Smart,BOS,79,24,30.4,10.6,4.6,3.4,9.5,.359,1.2,4.2,.283,.422,2.6,3.2,.812,1.0,2.9,1.6,0.4,2.0,2.4
Ish Smith,DET,81,32,24.1,9.4,5.2,4.1,9.2,.439,0.3,1.3,.267,.458,0.9,1.3,.706,0.3,2.6,0.8,0.4,1.4,1.6
J.R. Smith,CLE,41,35,29.0,8.6,1.5,3.0,8.7,.346,2.3,6.6,.351,.479,0.2,0.4,.667,0.4,2.3,1.0,0.3,0.6,1.9
Jason Smith,WAS,74,3,14.4,5.7,0.5,2.4,4.4,.529,0.5,1.1,.474,.585,0.5,0.7,.686,0.9,2.6,0.3,0.7,0.8,2.3
Tony Snell,MIL,80,80,29.2,8.5,1.2,3.1,6.8,.455,1.8,4.4,.406,.588,0.6,0.7,.810,0.3,2.8,0.7,0.2,0.7,1.6
Marreese Speights,LAC,82,2,15.7,8.7,0.8,3.0,6.7,.445,1.3,3.4,.372,.539,1.5,1.7,.876,1.1,3.5,0.3,0.5,0.8,2.8
Tiago Splitter,PHI,8,0,9.5,4.9,0.5,1.8,3.9,.452,0.3,0.8,.333,.484,1.1,1.4,.818,1.0,1.8,0.1,0.1,0.8,1.0
Nik Stauskas,PHI,80,27,27.4,9.5,2.4,3.1,7.9,.396,1.7,4.5,.368,.500,1.5,1.9,.813,0.3,2.6,0.6,0.4,1.6,1.8
Lance Stephenson,TOT,18,0,20.1,6.8,3.3,3.0,6.7,.450,0.3,1.1,.300,.475,0.4,0.7,.615,0.2,2.7,0.3,0.2,1.4,1.8
Lance Stephenson,NOP,6,0,27.0,9.7,4.8,4.3,9.2,.473,0.2,1.7,.100,.482,0.8,1.3,.625,0.5,2.5,0.3,0.2,1.8,3.0
Lance Stephenson,MIN,6,0,11.2,3.5,0.8,1.7,3.5,.476,0.0,0.3,.000,.476,0.2,0.3,.500,0.0,1.7,0.0,0.0,0.7,0.3
Lance Stephenson,IND,6,0,22.0,7.2,4.2,3.0,7.3,.409,0.8,1.3,.625,.466,0.3,0.5,.667,0.2,3.8,0.5,0.3,1.8,2.0
Jarnell Stokes,DEN,2,0,3.5,1.5,1.0,0.5,0.5,1.000,0.0,0.0,,1.000,0.5,1.0,.500,0.5,0.5,0.5,0.0,0.0,1.5
Diamond Stone,LAC,7,0,3.4,1.4,0.0,0.4,1.9,.231,0.0,0.0,,.231,0.6,0.6,1.000,0.1,0.7,0.0,0.1,0.3,0.7
Rodney Stuckey,IND,39,0,17.8,7.2,2.2,2.3,6.3,.373,0.5,1.5,.317,.412,2.1,2.7,.748,0.2,2.0,0.4,0.0,1.4,1.1
Jared Sullinger,TOR,11,1,10.7,3.4,0.3,1.4,4.3,.319,0.3,1.6,.167,.351,0.4,0.7,.500,0.9,1.5,0.4,0.1,0.4,1.5
Edy Tavares,TOT,2,0,14.0,4.0,0.5,2.0,2.5,.800,0.0,0.0,,.800,0.0,1.5,.000,2.0,3.5,0.0,3.0,1.0,1.5
Edy Tavares,ATL,1,0,4.0,2.0,0.0,1.0,1.0,1.000,0.0,0.0,,1.000,0.0,2.0,.000,0.0,1.0,0.0,0.0,0.0,0.0
Edy Tavares,CLE,1,0,24.0,6.0,1.0,3.0,4.0,.750,0.0,0.0,,.750,0.0,1.0,.000,4.0,6.0,0.0,6.0,2.0,3.0
Isaiah Taylor,HOU,4,0,13.0,0.8,0.8,0.3,1.8,.143,0.0,0.5,.000,.143,0.3,0.5,.500,0.3,0.5,0.3,0.3,0.0,1.5
Jeff Teague,IND,82,82,32.4,15.3,7.8,4.9,11.1,.442,1.1,3.1,.357,.492,4.4,5.1,.867,0.4,3.6,1.2,0.4,2.6,2.0
Mirza Teletovic,MIL,70,2,16.2,6.4,0.7,2.2,6.0,.373,1.5,4.4,.341,.498,0.5,0.6,.778,0.2,2.2,0.2,0.2,0.5,1.6
Garrett Temple,SAC,65,21,26.6,7.8,2.6,2.8,6.6,.424,1.3,3.4,.373,.519,0.9,1.1,.784,0.5,2.3,1.3,0.4,1.2,2.2
Jason Terry,MIL,74,0,18.4,4.1,1.3,1.4,3.3,.432,1.0,2.3,.427,.582,0.3,0.4,.828,0.2,1.2,0.6,0.3,0.5,1.3
Isaiah Thomas,BOS,76,76,33.8,28.9,5.9,9.0,19.4,.463,3.2,8.5,.379,.546,7.8,8.5,.909,0.6,2.1,0.9,0.2,2.8,2.2
Lance Thomas,NYK,46,15,21.0,6.0,0.8,2.1,5.3,.398,0.8,1.8,.447,.475,0.9,1.1,.843,0.7,2.4,0.5,0.1,0.5,1.8
Hollis Thompson,TOT,40,9,18.8,5.1,0.9,1.9,5.0,.385,0.8,2.4,.337,.465,0.5,0.7,.655,0.5,2.3,0.5,0.2,0.3,1.7
Hollis Thompson,PHI,31,1,18.1,5.5,0.8,2.1,5.1,.415,0.8,2.3,.366,.497,0.4,0.6,.650,0.5,2.2,0.5,0.2,0.3,1.8
Hollis Thompson,NOP,9,8,21.2,3.8,1.0,1.2,4.6,.268,0.7,2.7,.250,.341,0.7,1.0,.667,0.4,2.7,0.7,0.0,0.2,1.6
Klay Thompson,GSW,78,78,34.0,22.3,2.1,8.3,17.6,.468,3.4,8.3,.414,.565,2.4,2.8,.853,0.6,3.0,0.8,0.5,1.6,1.8
Tristan Thompson,CLE,78,78,29.9,8.1,1.0,3.4,5.6,.600,0.0,0.0,.000,.600,1.4,2.7,.498,3.7,5.5,0.5,1.1,0.8,2.3
Marcus Thornton,WAS,33,1,17.4,6.6,1.2,2.5,6.4,.400,0.8,2.4,.350,.467,0.7,0.8,.852,0.7,1.6,0.6,0.1,0.8,1.5
Mike Tobey,CHO,2,0,12.5,1.0,0.5,0.5,2.0,.250,0.0,0.0,,.250,0.0,0.0,,1.0,0.5,0.0,0.0,0.5,1.0
Anthony Tolliver,SAC,65,9,22.7,7.1,1.2,2.4,5.4,.442,1.4,3.5,.391,.570,0.9,1.3,.744,0.8,2.9,0.5,0.3,0.9,1.7
Axel Toupane,TOT,4,0,11.8,2.8,0.0,1.3,2.3,.556,0.3,1.0,.250,.611,0.0,0.0,,0.0,0.3,0.3,0.3,0.0,1.5
Axel Toupane,MIL,2,0,3.0,0.0,0.0,0.0,0.5,.000,0.0,0.5,.000,.000,0.0,0.0,,0.0,0.0,0.0,0.0,0.0,0.5
Axel Toupane,NOP,2,0,20.5,5.5,0.0,2.5,4.0,.625,0.5,1.5,.333,.688,0.0,0.0,,0.0,0.5,0.5,0.5,0.0,2.5
Karl-Anthony Towns,MIN,82,82,37.0,25.1,2.7,9.8,18.0,.542,1.2,3.4,.367,.576,4.3,5.2,.832,3.6,8.7,0.7,1.3,2.6,2.9
P.J. Tucker,TOT,81,21,27.6,6.7,1.2,2.5,6.0,.413,0.9,2.4,.357,.485,0.9,1.1,.774,1.4,4.4,1.4,0.2,0.8,2.4
P.J. Tucker,PHO,57,17,28.5,7.0,1.3,2.6,6.2,.415,0.8,2.4,.338,.480,1.1,1.4,.792,1.6,4.4,1.5,0.2,0.9,2.5
P.J. Tucker,TOR,24,4,25.4,5.8,1.1,2.2,5.3,.406,1.0,2.5,.400,.500,0.5,0.7,.688,1.0,4.4,1.3,0.2,0.6,2.2
Evan Turner,POR,65,12,25.5,9.0,3.2,3.6,8.5,.426,0.5,1.8,.263,.454,1.3,1.6,.825,0.6,3.2,0.8,0.4,1.5,1.9
Myles Turner,IND,81,81,31.4,14.5,1.3,5.5,10.7,.511,0.5,1.4,.348,.534,3.0,3.7,.809,1.7,5.6,0.9,2.1,1.3,3.2
Beno Udrih,DET,39,0,14.4,5.8,3.4,2.4,5.1,.467,0.3,0.8,.344,.495,0.8,0.9,.941,0.2,1.3,0.3,0.0,0.9,0.7
Tyler Ulis,PHO,61,15,18.4,7.3,3.7,3.0,7.2,.421,0.3,1.3,.266,.445,0.9,1.2,.775,0.3,1.2,0.8,0.1,1.3,1.2
Jarrod Uthoff,DAL,9,0,12.8,4.4,1.0,1.8,4.2,.421,0.3,1.0,.333,.461,0.6,0.8,.714,0.9,1.6,0.2,0.4,0.3,0.9
Jonas Valanciunas,TOR,80,80,25.8,12.0,0.7,4.9,8.8,.557,0.0,0.0,.500,.558,2.2,2.7,.811,2.8,6.7,0.5,0.8,1.3,2.7
Denzel Valentine,CHI,57,0,17.1,5.1,1.1,1.8,5.1,.354,1.3,3.6,.351,.481,0.2,0.3,.778,0.2,2.5,0.5,0.1,0.9,1.5
Fred VanVleet,TOR,37,0,7.9,2.9,0.9,1.1,3.0,.351,0.3,0.8,.379,.401,0.5,0.6,.818,0.1,1.0,0.4,0.1,0.4,1.0
Anderson Varejao,GSW,14,1,6.6,1.3,0.7,0.4,1.0,.357,0.0,0.0,,.357,0.6,0.8,.727,0.9,1.1,0.2,0.2,0.6,1.1
Greivis Vasquez,BRK,3,0,13.0,2.3,1.7,0.7,2.7,.250,0.3,1.0,.333,.313,0.7,1.0,.667,0.0,0.7,0.3,0.3,0.3,2.0
Rashad Vaughn,MIL,41,2,11.2,3.5,0.6,1.4,3.8,.365,0.6,2.0,.321,.449,0.0,0.1,.400,0.1,1.1,0.5,0.2,0.3,0.8
Noah Vonleh,POR,74,41,17.1,4.4,0.4,1.8,3.6,.481,0.1,0.3,.350,.494,0.8,1.3,.638,1.8,3.5,0.4,0.4,0.9,2.1
Nikola Vucevic,ORL,75,55,28.8,14.6,2.8,6.4,13.7,.468,0.3,1.0,.307,.480,1.4,2.1,.669,2.3,8.0,1.0,1.0,1.6,2.4
Sasha Vujacic,NYK,42,4,9.7,3.0,1.2,1.0,3.2,.309,0.5,1.8,.311,.393,0.4,0.6,.708,0.3,1.1,0.3,0.0,0.4,0.9
Dwyane Wade,CHI,60,59,29.9,18.3,3.8,6.9,15.9,.434,0.8,2.4,.310,.457,3.7,4.7,.794,1.1,3.5,1.4,0.7,2.3,1.9
Dion Waiters,MIA,46,43,30.1,15.8,4.3,6.1,14.4,.424,1.8,4.7,.395,.488,1.8,2.8,.646,0.4,2.9,0.9,0.4,2.2,2.1
Kemba Walker,CHO,79,79,34.7,23.2,5.5,8.1,18.3,.444,3.0,7.6,.399,.527,3.8,4.5,.847,0.6,3.3,1.1,0.3,2.1,1.5
John Wall,WAS,78,78,36.4,23.1,10.7,8.3,18.4,.451,1.1,3.5,.327,.482,5.4,6.8,.801,0.8,3.4,2.0,0.6,4.1,1.9
Taurean Waller-Prince,ATL,59,10,16.6,5.7,0.9,1.9,4.8,.400,0.6,1.7,.324,.458,1.3,1.6,.787,0.4,2.2,0.7,0.5,1.0,1.6
T.J. Warren,PHO,66,59,31.0,14.4,1.1,6.1,12.3,.495,0.4,1.5,.265,.511,1.8,2.3,.773,1.9,3.2,1.2,0.6,0.9,2.7
C.J. Watson,ORL,62,9,16.3,4.5,1.8,1.5,4.0,.387,0.5,1.7,.305,.452,0.9,1.1,.864,0.3,1.2,0.7,0.0,0.8,1.4
Briante Weber,TOT,20,0,10.3,3.1,1.1,1.3,3.0,.417,0.1,0.5,.100,.425,0.6,0.8,.688,0.4,0.9,0.6,0.1,0.4,0.8
Briante Weber,GSW,7,0,6.6,1.7,0.7,0.7,2.0,.357,0.0,0.4,.000,.357,0.3,0.4,.667,0.0,0.6,0.4,0.1,0.4,0.6
Briante Weber,CHO,13,0,12.2,3.8,1.2,1.5,3.5,.435,0.1,0.5,.143,.446,0.7,1.0,.692,0.6,1.1,0.7,0.0,0.4,0.9
David West,GSW,68,0,12.6,4.6,2.2,2.0,3.7,.536,0.0,0.1,.375,.542,0.6,0.8,.768,0.7,2.3,0.6,0.7,1.1,1.5
Russell Westbrook,OKC,81,81,34.6,31.6,10.4,10.2,24.0,.425,2.5,7.2,.343,.476,8.8,10.4,.845,1.7,9.0,1.6,0.4,5.4,2.3
Okaro White,MIA,35,0,13.5,2.8,0.6,0.9,2.5,.379,0.3,1.0,.353,.448,0.6,0.6,.909,0.7,1.6,0.3,0.3,0.5,1.5
Isaiah Whitehead,BRK,73,26,22.5,7.4,2.6,2.8,7.0,.402,0.6,2.0,.295,.445,1.2,1.5,.805,0.4,2.1,0.6,0.5,1.9,2.4
Hassan Whiteside,MIA,77,77,32.6,17.0,0.7,7.0,12.6,.557,0.0,0.0,,.557,2.9,4.6,.628,3.8,10.3,0.7,2.1,2.0,2.9
Andrew Wiggins,MIN,82,82,37.2,23.6,2.3,8.6,19.1,.452,1.3,3.5,.356,.484,5.0,6.6,.760,1.2,2.8,1.0,0.4,2.3,2.2
C.J. Wilcox,ORL,22,0,4.9,1.0,0.5,0.4,1.4,.258,0.1,0.7,.200,.306,0.1,0.1,1.000,0.2,0.4,0.1,0.0,0.3,0.4
Alan Williams,PHO,47,0,15.1,7.4,0.5,2.9,5.7,.517,0.0,0.0,.000,.517,1.5,2.4,.625,2.0,4.2,0.6,0.7,0.8,2.7
Deron Williams,TOT,64,44,25.9,11.0,5.6,4.1,9.4,.438,1.3,3.7,.363,.509,1.4,1.7,.826,0.2,2.1,0.5,0.1,2.2,2.2
Deron Williams,DAL,40,40,29.3,13.1,6.9,4.9,11.3,.430,1.6,4.5,.348,.500,1.7,2.1,.821,0.3,2.2,0.6,0.1,2.5,2.4
Deron Williams,CLE,24,4,20.3,7.5,3.6,2.8,6.1,.463,0.9,2.2,.415,.537,0.9,1.0,.840,0.0,1.8,0.3,0.3,1.7,1.8
Derrick Williams,TOT,50,11,16.1,6.1,0.6,2.2,4.9,.443,0.6,1.9,.309,.504,1.2,1.8,.652,0.4,2.2,0.3,0.1,0.6,1.2
Derrick Williams,MIA,25,11,15.1,5.9,0.6,2.2,5.5,.394,0.4,1.8,.200,.427,1.2,2.0,.620,0.6,2.3,0.4,0.2,0.6,1.3
Derrick Williams,CLE,25,0,17.1,6.2,0.6,2.2,4.3,.505,0.8,2.1,.404,.603,1.1,1.6,.692,0.1,2.2,0.2,0.1,0.6,1.1
Lou Williams,TOT,81,1,24.6,17.5,3.0,5.3,12.3,.429,2.0,5.5,.365,.511,5.0,5.6,.880,0.3,2.2,1.0,0.2,2.0,1.1
Lou Williams,LAL,58,1,24.2,18.6,3.2,5.6,12.7,.444,2.1,5.5,.385,.527,5.2,5.9,.884,0.2,2.0,1.1,0.2,2.1,1.2
Lou Williams,HOU,23,0,25.7,14.9,2.4,4.4,11.5,.386,1.8,5.6,.318,.464,4.3,4.9,.867,0.5,2.5,0.7,0.4,1.7,1.1
Marvin Williams,CHO,76,76,30.2,11.2,1.4,3.9,9.3,.422,1.6,4.7,.350,.510,1.7,2.0,.873,1.2,5.4,0.8,0.7,0.8,1.8
Reggie Williams,NOP,6,0,13.2,4.5,0.7,1.3,3.8,.348,0.8,1.8,.455,.457,1.0,1.2,.857,0.3,0.7,0.5,0.0,0.0,0.3
Troy Williams,TOT,30,16,18.6,6.2,0.8,2.4,5.6,.437,0.6,2.1,.290,.491,0.7,1.1,.656,0.5,1.8,0.9,0.3,1.1,2.0
Troy Williams,MEM,24,13,17.4,5.3,0.8,2.1,5.1,.415,0.4,1.7,.244,.455,0.6,1.0,.600,0.3,1.6,1.0,0.4,1.1,1.8
Troy Williams,HOU,6,3,23.2,9.7,1.0,3.7,7.3,.500,1.3,3.5,.381,.591,1.0,1.2,.857,1.5,2.5,0.5,0.2,1.0,3.0
Kyle Wiltjer,HOU,14,0,3.1,0.9,0.1,0.3,1.0,.286,0.3,0.9,.308,.429,0.1,0.1,.500,0.3,0.4,0.2,0.1,0.4,0.3
Justise Winslow,MIA,18,15,34.7,10.9,3.7,4.4,12.5,.356,0.4,1.9,.200,.371,1.6,2.6,.617,1.3,3.9,1.4,0.3,1.8,2.9
Jeff Withey,UTA,51,1,8.5,2.9,0.1,1.1,2.0,.534,0.0,0.0,.000,.534,0.7,0.9,.750,1.0,1.4,0.3,0.6,0.3,1.0
Christian Wood,CHO,13,0,8.2,2.7,0.2,0.9,1.8,.522,0.0,0.4,.000,.522,0.8,1.2,.733,1.1,1.2,0.2,0.5,0.5,0.8
Metta World Peace,LAL,25,2,6.4,2.3,0.4,0.8,2.7,.279,0.4,1.5,.237,.346,0.4,0.6,.625,0.2,0.6,0.4,0.1,0.3,0.7
Brandan Wright,MEM,28,5,16.0,6.8,0.5,3.0,4.8,.615,0.0,0.0,.000,.615,0.8,1.3,.657,1.1,1.7,0.4,0.7,0.4,1.5
Delon Wright,TOR,27,0,16.5,5.6,2.1,1.8,4.3,.422,0.4,1.1,.333,.466,1.6,2.0,.764,0.6,1.2,1.0,0.4,0.9,1.1
James Young,BOS,29,0,7.6,2.3,0.1,0.9,2.0,.431,0.4,1.2,.343,.534,0.2,0.3,.667,0.2,0.7,0.3,0.1,0.1,0.5
Joe Young,IND,33,0,4.1,2.1,0.5,0.8,2.2,.361,0.2,0.7,.217,.396,0.3,0.5,.733,0.0,0.5,0.1,0.0,0.2,0.2
Nick Young,LAL,60,60,25.9,13.2,1.0,4.5,10.6,.430,2.8,7.0,.404,.564,1.3,1.5,.856,0.4,1.9,0.6,0.2,0.6,2.3
Thaddeus Young,IND,74,74,30.2,11.0,1.6,4.9,9.3,.527,0.6,1.6,.381,.560,0.6,1.2,.523,1.8,4.3,1.5,0.4,1.3,1.8
Cody Zeller,CHO,62,58,27.8,10.3,1.6,4.1,7.1,.571,0.0,0.0,.000,.571,2.1,3.2,.679,2.2,4.4,1.0,0.9,1.0,3.0
Tyler Zeller,BOS,51,5,10.3,3.5,0.8,1.5,3.1,.494,0.0,0.0,.000,.494,0.4,0.8,.564,0.8,1.6,0.1,0.4,0.4,1.2
Stephen Zimmerman,ORL,19,0,5.7,1.2,0.2,0.5,1.6,.323,0.0,0.0,,.323,0.2,0.3,.600,0.6,1.3,0.1,0.3,0.2,0.9
Paul Zipser,CHI,44,18,19.2,5.5,0.8,2.0,5.0,.398,0.8,2.3,.333,.473,0.7,0.9,.775,0.3,2.5,0.3,0.4,0.9,1.8
Ivica Zubac,LAL,38,11,16.0,7.5,0.8,3.3,6.3,.529,0.0,0.1,.000,.529,0.8,1.3,.653,1.1,3.1,0.4,0.9,0.8,1.7
